0105_1,"var_firstname , Happy New Year! Interested in {seeing|checking} the simple way to {earn|make} extra {m0ney|cash}? Go to www.tenbytenllc.com"
0105_2,"2015 is 0ver, hell0 2o16! We're {offering|sharing} opportunities with {ppl|memb3rs} interested to start 2o16 with a bang like u var_firstname 1nf0 @ www.mapelindustries.com"
0105_3,"var_firstname, wishing u a gr3at 2o16! R3ady to take l0ts of earn1ngs h0me that 0ther {f0lks|ppl} have been {us1ng|d0ing}? Full d3tails @ www.upstarnetwork.com"
0105_4,"Hi var_firstname, happy n3wy3ar! {3arn|mak3} up to {87o|94o|1o5o} just by {us1ng|0perat1ng} th1s {guid3|0utline} provided. See it 4 urs3lf at www.jumpstartunited.com"
0105_5,"2016 is right h3r3 var_firstname! Here is a {present|gift} from us, a {way|plan} to {earn|make} s0me extra m0ney with this h0me-based gift. View @ www.gobingosnow.com"
0105_6,Happy new year var_firstname w/th1s {easy|attainable} system to {start|jumpstart} y0ur daily house-0perat3d bizness. Inf0 @ www.tuneuphomebasedinc.com
0105_7,Ready to jumspart 2016 w/th1s home kit to {earn|pr0fit} fr0m h0me beginning the last week of th1s year?. View summary @ www.workhomenineinc.com
0105_8,"Greetings var_firstname, {enj0y|rej0ice} as we give th1s {valuable|deta1led} pr0gram help1ng y0u make m0ney fr0m h0me. Hurry b4 exp1ry @ at www.myoboinc.com"
0105_9,"H3llo var_firstname,  we are 0ffering h0me based p0siti0ns in {your|the} area with outl1ne on h0w to beg1n the s1mple ste3p. View at www.hometunnelinc.com"
0105_10,"Hello var_firstname, t0day we {share|give} {guide|pr0gram} t0 help u {beg1n|start} w0rking from h0me. See more ab0ut it here @ www.keepbetterinc.com have a wonderful 2o16!"
0105_11,"So t0day, we share one of the internet's best kept {secrets|s0lutions} in {making|prof1ting} fr0m the comf0rt of {h0me|your h0use} Complete details for var_firstname @ www.hometunnelinc.com"
0105_12,"happy 2o16 to y0u, var_firstname Are you ready to {be|start|beg1n} making {dollar$|ca$h|bill$} w/ur xtra t1me? Th1s summary will help u understand the {system|process} View @ www.gobingosnow.com"
0105_13,"Happy 2o16 var_firstname, y0u're {1|part} of the f3w ppl ch0sen to {partake in|view} this h0me business {opp0rtunity|pr0gram} inf0 @ www.tenbytenllc.com"
0105_14,"happy n3w y3ar var_firstname. An early 2016 pres3nt, you can {review|finalize} y0ur membership to start mak1ng extra {m0ney|ca$h|dollar$} see @ www.mapelindustries.com"
0105_15,"var_firstname , still interested in {see1ng|view1ng} the syst3m on how to understand the {pr0cess|steps} in generating h0me inc0me? Happy NewYear! See @ www.jumpstartunited.com"
0105_16,"Th1s is y0ur {chance|m0ment} to j0in us as we {share|sh0w} h0w y0u too, var_firstname, can be mak1ng this busine$$ w0rk 0ut f0r y0u. Understand m0re at www.upstarnetwork.com"
0105_17,"{Thanks|thank you} var_firstname, for be1ng interested in th1s {pr0gram|membersh1p} where {hundreds|thousands} of Americans have started {inquiring|ask1ng} ab0ut. {D3tails|Info} at www.tuneuphomebasedinc.com"
0105_18,"{h3llo|h3y} var_firstname, y0u have been {picked|ch0sen} to end the 9-5 {battle|struggle} by {us1ng|start1ng} this {app|plan} to make {xtra|add3d} holiday spendings. Enjoy @ www.workhomenineinc.com"
0105_19,"2o16 is here! var_firstname, Enj0y th1s {syst3m|pr0gram} where th1s {girl|guy} has used to change their life forever. Hurry b4 it {lapses|exp1res} @ www.myoboinc.com"
0105_20,{Tired|Done} with your {0ffice|b0ss|r0utine} var_firstname? Th1s {opp0rtunity|business} plan will get you 0ne step cl0ser to a new 2o16  {life|work fl0w} Understand it t0day @ www.keepbetterinc.com
0105_21,"You hav3 {1|0ne} pending {msg|m3ssage} in y0ur acc0unt, var_firstname. {See|0pen|View} today for a new year gift! Click here www.myoboinc.com"
0105_22,There is {1|a} {sitting|p3nding} un0pened n0tice in the inb0x of var_firstname. Please make time to {review|0pen} it bef0re it is no l0nger valid. See it n0w at www.hometunnelinc.com
0105_23,"Anyth1ng is p0ssible with th1s s1mple step.by.step guided {pr0gram|description} of h0w exactly you can, in a {few|couple} months, quit your {job|w0rk} See @ www.keepbetterinc.com"
0105_24,"var_firstname ,the {simpl3|easy} gu1de is st1ll ava1lable f0r y0ur th1s 2o16. {v1s1t|Click} here t0 claim it before expiring. Open now, limited sl0ts, at www.tuneuphomebasedinc.com"
0105_25,"{h3llo|hey} var_firstname ,a simpl3 pre-2o16 r3mind3r about a {msg|vide0} in y0ur acc0unt, Click and s33 4 fr33 @ www.gobingosnow.com bef0re it exp1res!"
0105_26,"Greetings for 2016 var_firstname , there's {a|1} reminder 1n y0ur acc0unt ab0ut 0ur early h0liday home-package. {Click|v1s1t} here  www.workhomenineinc.com"
0105_27,Blessed 2o16 var_firstname we h0pe u didn't miss what 0thers are doing using th1s {best|perfect} h0liday present f0r y0u @ www.jumpstartunited.com
0105_28,"Happy 2o16! A perfect custom program that fits your needs, var_firstname has been f0und. Jumpstart the year with a bang!  Cla1m it b4 we run out @  www.upstarnetwork.com"
0105_29,{Gr33tings|Happy N3w Year} var_firstname h0pe y0u {didn't|d0n't} miss 0ut 0n th1s early 2o16 gift. View 4 {free|t0day|n0w} @ www.tenbytenllc.com
0105_30,"{Hi|Hello} var_firstname Wonderful 2016 to you, pls don't let th1s msg exp1re b4 y0u are able to claim it for free, have fun earn1ng at www.mapelindustries.com"
