mr1_bopp_1,{Hi|Hey|Hello|} var_firstname u're going to {love|want|need} this {simple|new|unique} {4|3|2} step {sys1em|pr0gram} to s+art a ho;me based bus1ness.{C1ick|Go|0pen} {here|now} http://sjintech.com
mr1_bopp_2,{Hi|Hello|Hey|} var_firstname this {takes|nee9s} no {exper1ence|skills|time} or {fund5|c^sh} from {you|u}.{T1me to|Let's|Now} {end|stop} the strugg1e.{G0|See|V1ew} : http://boostenergymedia.com
mr1_bopp_3,"{Hello|Hi|Hey|} Do {y0u|u} wanna start y0ur {w0rk|j0b} anytime you {w^nt|please}, from {wherever|anywhere} w/a {1nternet|net} connecti0n? {Check|Open|Cl1ck}: http://meshactive.com"
mr1_bopp_4,"{Hi|Hell0|} var_firstname, we are {giving|shar1ng} th1s {brand new|c0mprehensive} {sys1em|pr0gram} 2 get y0u earn1ng fr0m the comforts 0f ur {h0me|h0use}. {View|See|0pen}: http://encoremanagementinc.com"
mr1_bopp_5,"{Hey|Hi|Hell0|} var_firstname, Y0u can be like {1|one} of these {guys|girls} wh0 started us1ng th1s {sys+em|meth0d}. {View|Read|Review} it t0day: http://weavertreetech.com"
mr1_bopp_6,{Hi|Hell0|H3y|} var_firstname Are y0u gett1ng a {little|bit} tired with the average 9-5? Escape the rat race and {learn|understand} this new {progr4m|syst3m} @ http://janicejconsulting.com
mr1_bopp_7,"{Hi|H3llo|Hey|} var_firstname, here is the {best|advanced} impr0ved {system|pr0gram} that recently launched. F0r a {summary|overview} {Visit|Click} http://unomovement.com"
mr1_bopp_8,{Hi|H3llo|Hey|} See h0w a {c0uple|few} 0f these {members|folks|pe0ple} have used th1s sys+em to make it w0rk for their benefit @ http://jeepneyindustries.com
mr1_bopp_9,"{Hello|Hi|Hey|} var_firstname {Talk|Think} ab0ut training that is simple and easy to {get|understand}, If y0u are {teachable|c0achable} th1s is f0r y0u! {Cl1ck|View|Open}: http://buckhostedinc.com"
mr1_bopp_10,{Hi|Hey|} var_firstname check out this {meth0d|sys'tem|formu1a} that wor'ks in {minutes|hours|days}.{Open|View|Begin|Click} Here http://ultrachargedllc.com
mr1_bopp_11,"{Hello|Hi|Hey|} var_firstname, There is a better way 2 build {ur|your} {bus1ness|emp1re} while spend1ng time w/ {family|loved ones} Cl1ck here to see {h0w|now}: http://masterequalizerllc.com"
mr1_bopp_12,{Hi|Hell0} var_firstname. {See|View} how you can generate th1s step by step train1ng that will give y0u the {life|lifestyle} y0u truly deserve. {Open|Cl1ck|View}: http://turnspeakerllc.com
mr1_bopp_13,{Hi|Hey|Hello} var_firstname I {get|have} the {feeling|vibe} you {forget|forgot} i'm {work1ng for|helping|here for} {you|U}.Update your 1nfo {today|now}.{Start|C1ick} {Here|Now} http://upperboxmedia.com
mr1_bopp_14,{Hi||Hello} var_firstname if you can {copy|read} this {simple|easy|quick} {formul4|steps|sys1em} you {might|may} be sitting on a go1dmine.Get it {going|started}.{Just|Simply} {C1ick|Go} Here http://bullrodeollc.com
mr1_bopp_15,"{Hi|Hello|Hey|} var_firstname, Th1s is 0n the way t0 take 0ver the {internet|web|net}! {Some|0thers} have already been keeping busy by d0ing it. {See|Open|V1ew} @ http://falconswingllc.com"
