218_bop3_1,{Hey|Hi} var_firstname {See|Check out} this {new|current|latest} {exciting|impressive|thrilling} b^usiness {pr0gram|tra1ning} that will make you {earn|gain|get} {mon#y|c^sh} while at home. By {View|cl1ck|g0} here http://bit.ly/1U9cZfi
218_bop3_2,var_firstname a {new|fresh} {simple|easy} but {great|huge} {chance|opportunity} to {start|beg1n} ur {j0b|w0^rk} @ h0me: this {venture|endeavor} will {pave|beg1n} your gameplan. {0pen|go} {now|here} http://bit.ly/1XyRlky
218_bop3_3,"{How r u?|How's it goin?} var_firstname, we would like to {share|show|give} this {vibrant|dynamic|striking} {sys+em|lpr0gram|set-up} that allows y0u t0 {w0rk|act} only f0r {a few|3|2} hrs/day. {Register|Apply} {now|here} http://bit.ly/219Fxra"
218_bop3_4,var_firstname this {new|advanced|latest} but {s1mple|basic|easy} gu1de will {help|advice} you 0n h0w t0 {s+art|beg1n} y0ur w0rk {at|@} h0me & {enhance|boost} it to the fullest. {click|0pen|go} {go|now|here} http://bit.ly/1XyQTmr
218_bop3_5,{How r u?|How's it goin?|Good day} We are {sharing|distributing} an opportunity {on|about|covering} how you can be {able|adept|capable} to be {empl0yed|w0rking} @ {h0me|ur couch}! {click|0pen|go} {now|here} http://bit.ly/1VoGA2Q
218_bop3_6,"{Hey|Hi} var_firstname, we {give|deliver|share|open} a {great|huge|extreme} {opportunity|chance},offering the {comfort|pleasure} of work1ng at home to {members|associates} willing to learn. {click|0pen|go} {now|here} http://bit.ly/1To2tAn"
218_bop3_7,{Hey|Hi} var_firstname it's the {time|day} to {be better|improve} with h0me-lbased {bus1ness|career|empl0yment}. This {progr^m|curriculum|plan} will {help|advice|support} your venture. {click|0pen|go} {now|here} http://bit.ly/1LunMtq
218_bop3_8,"{Hey|Hi} var_firstname Be on point w/the {game|agenda}, {earn|gain} {m'0ney|c^ash} while at home w/this {easy|simple} way to {read|learn}, {bit by bit|step by step}. {Overview|Summary|Description} {here|at|@} http://bit.ly/1oLl0LE"
218_bop3_9,"{Hey|Hi} var_firstname {Get|Grab} this chance to {boost|advance|step-up} your {1ncome|e^arnings}, it's {simply|sincerely} {amazing|awesome}, {teaching|training|instruction} {without|w/o} pressure. {See|Learn|Check} more http://bit.ly/1orRcnB"
218_bop3_10,{Hey|Hi} var_firstname {Yahoo|Hooray|Yey}! your {growth|life} with {new|latest|current} improved {blueprint|module} is {sm00th|baslc|easy}. We {assist|guide} you on how to gain {inc0me|c^ash} while at home. {Go|Here} http://bit.ly/24beY7v
218_bop3_11,"{Hello|Good day} var_firstname this is {crazy|insane|huge|awesome}, even if you're {new|beginning|fresh} in this {trade|industry|biz}, you can {learn|read|train} & {earn|gain|get} too by simply {clicking|checking} this out http://bit.ly/1VoFlRt"
218_bop3_12,"{Hey|Hi} var_firstname {Take|Get|Catch} a hold of this {0pp0rtun1ty|cha^nce|m0ment} to make {m¤ney|¢ash} at home, by {reviewing|learning} this {training|procedure|þr0gram}, we {support|guide} 24/7. {Go|See|View} http://bit.ly/1U9aIky"
218_bop3_13,{Hey|Hi} var_firstname {Shape|Mold|Build} your {life|world} on this great {evolution|growth|progression} w/the {internet|net|cyberweb} work1ng for you. A {guide|tra1ning|module} made {easy|s1mple} {@|here} http://bit.ly/1Lun2Vf
218_bop3_14,"var_firstname {Talk|Think|Learn} ab0ut {coaching|training|learning} that is simple and {easy|quick} to {get|understand|review}, If y0u are {teachable|c0achable} th1s is f0r {u|y0u!} {click|0pen|go} {now|here} http://bit.ly/1To2bJB"
218_bop3_15,var_firstname {see|check out|vi^w|0p3n} this {meth0d|sys'tem|formu1a} that wor'ks in {minutes|hours|days|mins.|hrs} for your {g00d|benefit|interes^t}.{click|0pen|go} {now|here} http://bit.ly/1Q2qXhk
218_bop3_16,"var_firstname, There is a {new|best|better} way {t0|2} build {ur|your} {bus1ness|emp1re} while {using|spend1ng} your time {w/|w1th} {family|loved ones} {click|0pen|go} {now|here} http://bit.ly/1SzW32b"
218_bop3_17,"var_firstname Do you {want|wanna} {beg+n|start} y0ur {w0rk|j0b|hobby|car33r} anytime you {w^nt|please}, from {wherever|anywhere} w/a {1nternet|net|web} connecti0n?{click|0pen|go} {now|here} http://bit.ly/1Lumv5y"
218_bop3_18,"var_firstname, we are {giving|shar1ng|show1ng} you th1s {brand new|c0mprehensive|detailed} {sys1em|pr0gram|applicati0n} to {make|get} y0u {mak1ng|earn1ng} fr0m the comforts 0f ur {h0me|h0use}.{click|0pen|go} {now|here} http://bit.ly/1KXuYmR"
218_bop3_19,"var_firstname, Y0u {could|can} be like {1|one|2|tw0} of these {guys|girls} wh0 {began|started} {trying|us1ng} th1s {sys+em|meth0d|pr0gram}.{click|0pen|go} {now|here} http://bit.ly/1VoDFaA"
218_bop3_20,"var_firstname {Talk|Think|Learn} ab0ut {coaching|training|learning} that is simple and {easy|quick} to {get|understand|review}, If y0u are {teachable|c0achable} th1s is f0r {u|y0u!} {click|0pen|go} {now|here} http://bit.ly/1SzV81D"
