Messages,1009_PD
1009_PD_a,{Hi|Hey} with all the new {updates|changes} you can {get|have} full advances {right away|overnight}.Really {easy|simple|quick}.{3ad|Bad} cred1t 0K.{Just|Simply} {Go|Visit} Here {http://bitly.com/1LCKcxV|http://bitly.com/1JVIVdG|http://bitly.com/1LCKcOd|http://bitly.com/1LCKeWw|http://bitly.com/1JVIXSQ}
1009_PD_b,{Hello|Hey} get a full advance on your CH3CK {tomorrow|overnight}.N0 CR3D1T {no problem|OK|needed}.Get {appr0val|approved} {right away|now|today}.{Just|Simply} {Go|Visit} Here {http://bitly.com/1LCKcOl|http://bitly.com/1JVIXSV|http://bitly.com/1LCKd4F|http://bitly.com/1LCKfcY|http://bitly.com/1JVIY9i}
1009_PD_c,{Hello|Hey} this {policy|update} made it {easy|possible|simple} to get a full P4Y advance in under {48|24|36} {hours|hrs}.Get APPR0VED right away.{Just|Simply} {Go|Visit} Here {http://bitly.com/1LCKfd2|http://bitly.com/1LCKfd4|http://bitly.com/1LCKd4R|http://bitly.com/1JVIVuf|http://bitly.com/1JVIVuj}
1009_PD_d,{Hello|Hey} with the {latest|newest|most recent} p0licy {changes|updates} you can get appr0ved {right away|next day} for a full advance.{Simple|Easy} {application|process|approval}.{Go|Visit} Here {http://bitly.com/1LCKfto|http://bitly.com/1LCKdld|http://bitly.com/1LCKdlh|http://bitly.com/1JVIVun|http://bitly.com/1JVIYpO}
1009_PD_e,{Hi|Hey} Get a full advance right {now|away} with {new|smart} {updates|changes} you can get {depos1ts|D3POSITS|DEP0SITS} {next day|tomorrow}.{B4d|N0} Cred1t 0K.{Go|Visit} Here {http://bitly.com/1LCKftA|http://bitly.com/1LCKfJU|http://bitly.com/1LCKdlt|http://bitly.com/1JVIYpY|http://bitly.com/1JVIVKO}
1009_PD_f,{Hi|Hello} with all the new {updates|changes} you will {get|have} full advances {right away|tomorrow}.Really {easy|fast|quick}.{3ad|Bad} cred1t 0K.{Simply|Now} {Go|Visit} Here {http://bitly.com/1LCKdBL|http://bitly.com/1JVIYq7|http://bitly.com/1LCKdBN|http://bitly.com/1LCKdBP|http://bitly.com/1JVJ1lx}
1009_PD_g,{Hi|Hey} get a full advance on your CH3CK {tomorrow|overnight}.N0 CR3D1T {no problem|OK|needed}.Get {appr0val|approved} {right away|now|next day}.{Just|Simply} {Go|Visit} Now {http://bitly.com/1JVJ1lD|http://bitly.com/1LCKdBZ|http://bitly.com/1LCKdSh|http://bitly.com/1JVIYGk|http://bitly.com/1JVJ1lH}
1009_PD_h,{Hello|Hi} this {policy|update} made it {easy|possible|simple} to get a full P4Y advance in {under|less than} {48|24|36} hrs.Get APPR0VED right away.{Just|Simply} {Go|Visit} Here {http://bitly.com/1JVJ1lJ|http://bitly.com/1LCKdSp|http://bitly.com/1LCKdSr|http://bitly.com/1JVIYGy|http://bitly.com/1JVJ1C2}
1009_PD_i,{Hi|Hey} with the {latest|newest|most recent} p0licy {changes|updates} you will get appr0val {tomorrow|next day} for a full advance.{Simple|Easy} {application|process|approval}.{Go|Visit} Now {http://bitly.com/1LCKgh8|http://bitly.com/1LCKgxm|http://bitly.com/1JVIYWQ|http://bitly.com/1JVJ1Ce|http://bitly.com/1LCKe8N}
1009_PD_j,{Hey|Hello} Get a full advance right {now|away} with {easy|smart} {updates|changes} you can get {depos1ts|D3POSITS|DEP0SITS} {next day|right away}.{B4d|N0} Cred1t 0K.{Cl1ck|Go} Here {http://bitly.com/1LCKgxw|http://bitly.com/1JVIYWY|http://bitly.com/1JVJ1Sw|http://bitly.com/1LCKe8Y|http://bitly.com/1LCKgNU}
