Messages,1106+AF8-live
1106+AF8-1,Hello var+AF8-firstname Would you +AHs-want+AHw-like+AH0- to earn +AHs-236+AHw-283+AHw-180+AH0- every time you use your cell For +AHs-More+AHw-extra+AH0- information check it out at www.bluechipchange.com now
1106+AF8-2,var+AF8-firstname Could you use an extra +AHs-102+AHw-189+AHw-245+AH0- each day just by using ur internet. +AHs-Additional+AHw-More+AH0- info at www.stumphouseinc.com check it out for free today.
1106+AF8-3,var+AF8-firstname Start +AHs-earning+AHw-making+AH0- +AHs-641+AHw-199+AHw-330+AH0- every time you log on to your account. For additional information go to www.stumphouseinc.com for free today.
1106+AF8-4,Hi var+AF8-firstname start earning +AHs-315+AHw-294+AHw-125+AH0- +AHs-every+AHw-each+AH0- time you turn on your phone. +AHs-For+AHw-Get+AH0- +AHs-additional+AHw-more+AH0- info here at www.eazielconsulting.com today.
1106+AF8-5,Hi var+AF8-firstname start earning +AHs-222+AHw-194+AHw-335+AH0- +AHs-every+AHw-each+AH0- time you use this system.+AHs-For+AHw-Get+AH0- +AHs-additional+AHw-extra+AH0- info at www.eazielconsulting.com
1106+AF8-6,Hi var+AF8-firstname Would you like to earn +AHs-296+AHw-181+AHw-448+AH0- +AHs-each+AHw-every+AH0- time you use this? +AHs-Get+AHw-For+AH0- Additional +AHs-information+AHw-info+AH0- see it for free www.bluechipchange.com click now.
1106+AF8-7,Hello var+AF8-firstname Would you like to +AHs-earn+AHw-make+AH0- +AHs-600+AHw-442+AHw-328+AH0- every time you use your cell +AHs-Get+AHw-For+AH0- more info see it at www.bluechipchange.com asap
1106+AF8-8,Hello var+AF8-firstname Would you like to +AHs-earn+AHw-make+AH0- +AHs-506+AHw-487+AHw-244+AH0- everytime you use log onto the system. For Additional information see it now for free at www.essenzafloatinc.com
1106+AF8-9,var+AF8-firstname Would you +AHs-want+AHw-like+AH0- to earn +AHs-667+AHw-629+AHw-744+AH0- per week? +AHs-For+AHw-Get+AH0- +AHs-more+AHw-extra+AH0- info here at www.essenzafloatinc.com
1106+AF8-10,+ACI-Hello var+AF8-firstname work at home and +AHs-earn+AHw-make+AH0- an extra +AHs-627+AHw-719+AHw-801+AH0- per week,Start today by seeing the website for free at www.careersenterprises.com+ACI-
1106+AF8-11,Hi var+AF8-firstname you can +AHs-make+AHw-earn+AH0- an extra +AHs-664+AHw-535+AHw-146+AH0- using your mobile phone For +AHs-more+AHw-additional+AH0- info click here today www.careersenterprises.com
1106+AF8-12,+ACI-Hey var+AF8-firstname work at home and make an extra +AHs-981+AHw-728+AHw-569+AH0- per week,+AHs-Start+AHw-Begin+AH0- today For +AHs-bonus+AHw-extra+AH0- +AHs-information+AHw-Info+AH0- see it now at www.haydaystarts.com+ACI-
1106+AF8-13,+ACI-Hi var+AF8-firstname work at home and generate an extra +AHs-111+AHw-274+AHw-310+AH0- per day,Start now and +AHs-for+AHw-get+AH0- +AHs-more+AHw-extra+AH0- info at www.haydaystarts.com+ACI-
1106+AF8-14,Hey var+AF8-firstname Would you +AHs-want+AHw-like+AH0- to earn +AHs-536+AHw-483+AHw-380+AH0- every time you use your cell For +AHs-More+AHw-extra+AH0- information check it out at www.bluechipchange.com now
1106+AF8-15,Hey var+AF8-firstname Would you +AHs-want+AHw-like+AH0- to earn +AHs-602+AHw-524+AHw-206+AH0- every time you use your cell +AHs-Get+AHw-For+AH0- More info at www.essenzafloatinc.com
1106+AF8-16,var+AF8-Hi firstname Would you +AHs-want+AHw-like+AH0- to earn +AHs-767+AHw-429+AHw-44+AH0- per week? +AHs-For+AHw-Get+AH0- +AHs-more+AHw-extra+AH0- info here at www.essenzafloatinc.com
1106+AF8-17,var+AF8-firstname Start +AHs-earning+AHw-making+AH0- +AHs-341+AHw-199+AHw-230+AH0- every time you log on to your account. For additional information go to www.stumphouseinc.com for free today.
1106+AF8-18,+ACI-Hey var+AF8-firstname work at home and make an extra +AHs-781+AHw-628+AHw-469+AH0- per week,+AHs-Start+AHw-Begin+AH0- today For +AHs-bonus+AHw-extra+AH0- +AHs-information+AHw-Info+AH0- see it now at www.haydaystarts.com+ACI-
1106+AF8-19,var+AF8-firstname Would you +AHs-want+AHw-like+AH0- to earn +AHs-567+AHw-329+AHw-644+AH0- per week? +AHs-For+AHw-Get+AH0- +AHs-more+AHw-extra+AH0- info here at www.essenzafloatinc.com
1106+AF8-20,var+AF8-firstname Could you use an extra +AHs-202+AHw-289+AHw-345+AH0- each day just by using ur internet. +AHs-Additional+AHw-More+AH0- info at www.stumphouseinc.com check it out for free today.
1106+AF8-21,Hey var+AF8-firstname Would you +AHs-want+AHw-like+AH0- to earn +AHs-230+AHw-382+AHw-180+AH0- every time you use your cell For +AHs-More+AHw-extra+AH0- information check it out at www.bluechipchange.com now
1106+AF8-22,+ACI-Hello var+AF8-firstname work at home and +AHs-earn+AHw-make+AH0- an extra +AHs-427+AHw-319+AHw-901+AH0- per week,Start today by seeing the website for free at www.careersenterprises.com+ACI-
1106+AF8-23,Hi var+AF8-firstname Would you like to earn +AHs-296+AHw-181+AHw-448+AH0- each time you use this system? +AHs-Get+AHw-For+AH0- Additional +AHs-information+AHw-info+AH0- see it www.bluechipchange.com click now.
1106+AF8-24,var+AF8-firstname Could you use an extra +AHs-202+AHw-150+AHw-145+AH0- each day just by using ur internet. +AHs-Additional+AHw-More+AH0- info at www.haydaystarts.com check it out for free today.
1106+AF8-25,Hi var+AF8-firstname you can +AHs-make+AHw-earn+AH0- an extra +AHs-464+AHw-335+AHw-146+AH0- using your mobile phone For +AHs-more+AHw-additional+AH0- info click here today www.careersenterprises.com
