Messages,1112am_msgs
1112am_1,Hello var_firstname just wanted to {let you know|show you} this {new|unique} {system|program|formula} works. For {additional|more} information go here today www.vividproductionllc.com
1112am_2,Hey var_firstname {learn|see} how you {can|will} work with me {to|and} set up your {entire|whole} business {from|at} home. Check www.centraltaverninc.com
1112am_3,var_firstname Check out {three|these} {exciting|unique|easy} ways {people|moms} are working {from|at} home. Go to www.jobsourcelistinginc.com
1112am_4,Hi var_firstname i've been {doing very well|crushing it} with this {system|program|business} and {thought|figured} you {might|would} want to try. Visit www.topcareerplacings.com
1112am_5,Hi var_firstname heres a {program|system|formula} that can help you {navigate|see|get} {around|past} all that online marketing hype. Check out www.clickstonegroup.com
1112am_6,Hey var_firstname your {coach|mentor} will {walk|guide|show} you through the {process|system|program} and answer any questions. See www.narapressmedia.com for free
1112am_7,Hey var_firstname how would you like me to {teach|show} you how to {start|launch|make} your own {business|company} {from|at} home? Visit for free www.topcornerllc.com
1112am_8,Hi var_firstname this {requires|needs} no {experience|knowledge} or skills. For complete info visit for free www.trackexpressinc.com
1112am_9,Hi var_firstname this {system|program} {allows|lets} you to work from anywhere {as long as you have|all you need is} {a computer|internet|a laptop Visit www.cybermanagementllc.com
1112am_10,var_firstname this {system|program|formula|business} will literally {drag|pull|push} you  to success. For info go to www.trinemakings.com
1112am_11,var_firstname Check out this {brand|crazy|unique} new {system|formula|trick} thats been {proven|verified} and tested for over several months. Visit www.vividproductionllc.com for free today.
1112am_12,Hello var_firstname just wanted to {let you know|show you} this {new|unique} {system|program|formula}. For {additional|more} info visit www.centraltaverninc.com
1112am_13,Hey var_firstname {learn|see} how you {can|will} work with me {to|and} set up your {entire|whole} business {from|at} home. Click for free www.jobsourcelistinginc.com
1112am_14,var_firstname check out {three|these} {exciting|unique|easy} ways {people|moms} are working {from|at} home. Click for free www.clickstonegroup.com
1112am_15,Hi var_firstname i've been {doing very well|crushing it} with this {system|program|business} and {thought|figured} you {might|would} want to try. See for free www.narapressmedia.com
1112am_16,Hi var_firstname here's a {program|system|formula} that can help you {navigate|see|get} {around|past} all that online marketing hype. Visit www.topcornerllc.com
1112am_17,Hey var_firstname {learn|see} how you {can|will} work with me {to|and} set up your {entire|whole} business {from|at} home. Click www.trackexpressinc.com for more info
1112am_18,var_firstname check out {three|these} {exciting|unique|easy} ways {people|moms} are working {from|at} home. See www.cybermanagementllc.com today
1112am_19,Hi var_firstname i've been {doing very well|crushing it} with this {system|program|business} and {thought|figured} you {might|would} want to try. Go to www.trinemakings.com
1112am_20,Hi var_firstname here's a {program|system|formula} that can help you {navigate|see|get} {around|past} all that online marketing hype. See for free www.topcornerllc.com
