messages,1114pm_msgs
1114pm_msg1,Hello var_firstname this {requires|needs} no {experience|knowledge} or skills. See how today for free by clicking www.solartrackinc.com
1114pm_msg2,Hi var_firstname this {system|program} {allows|lets} you to work from anywhere {as long as you have|all you need is} {a computer|internet|a laptop} Visit www.pressforwardllc.com
1114pm_msg3,var_firstname this {system|program|formula|business} will literally {drag|pull|push} you kicking and screaming to success. Click www.quantummarketinginc.com
1114pm_msg4,Hello var_firstname just wanted to {let you know|show you} this {new|unique} {system|program|formula} for success. For complete info www.unitedteamllc.com
1114pm_msg5,Hey var_firstname {learn|see} how you {can|will} work with me {to|and} set up your {entire|whole} business {from|at} home. Click www.fadedscentinc.com
1114pm_msg6,var_firstname check out {three|these} {exciting|unique|easy} ways {people|moms} are working {from|at} home. See www.horizonresultsinc.com
1114pm_msg7,Hi var_firstname i've been {doing very well|crushing it} with this {system|program|business} and {thought|figured} you {might|would} want to try. Go to www.overtimeconsultingllc.com
1114pm_msg8,Hi var_firstname here's a {program|system|formula} that can help you {navigate|see|get} {around|past} all that online marketing hype. See for free www.frostedresults.com
1114pm_msg9,Hey var_firstname your {coach|mentor} will {walk|guide|show} you through the {process|system|program} and answer any questions. Visit www.safarigbunlimited.com
1114pm_msg10,Hi var_firstname how would you like me to {teach|show} you how to {start|launch|make} your own {business|company} {from|at} home? Click here www.hometakellc.com
1114pm_msg11,Hello var_firstname this {requires|needs} no {experience|knowledge} or skills from you. See what it is for free at www.solartrackinc.com
1114pm_msg12,Hi var_firstname this {system|program} {allows|lets} you to work from anywhere {as long as you have|all you need is} {a computer|internet|a laptop} See www.pressforwardllc.com
1114pm_msg13,var_firstname this {system|program|formula|business} will literally {drag|pull|push} you to success. For info go to www.quantummarketinginc.com
1114pm_msg14,var_firstname check out this {brand|crazy|unique} new {system|formula|trick} thats been {proven|verified} and tested for over months. Visit www.unitedteamllc.com
1114pm_msg15,Hello var_firstname just wanted to {let you know|show you} this {new|unique} {system|program|formula} works. For {additional|more} information go here today www.fadedscentinc.com
1114pm_msg16,var_firstname earn {more|extra} cash daily.You {can|will} {make|earn} up to {397|138|252} {a|each|every} day. {Go|Click} here to {see|view} for free www.horizonresultsinc.com
1114pm_msg17,Hello var_firstname u can still use our {system|process} so you {profit|earn|add|make} {334|639|451}/day.{See|View} how 4free Click here www.overtimeconsultingllc.com
1114pm_msg18,"var_firstname {see|view} how other {people|members} are {making|earning|banking} {306|207|196} {each|per} day,using this {guide|system}.Click here www.frostedresults.com"
1114pm_msg19,Hello var_firstname u can still use our {system|process} so you {profit|earn|add|make} {334|639|451}/day.{See|View} how 4free Click here www.safarigbunlimited.com
1114pm_msg20,"var_firstname {see|view} how other {people|members} are {making|earning|banking} {306|207|196} {each|per} day,using this {guide|system}.Click here www.hometakellc.com"
