messages,1115test_msgs
1115first_msg1,Hey var_firstname Would you {want|like} to earn {645|578|322} every time you use your internet? For additional {information|info} go to www.breakstartinc.com
1115first_msg2,Hey var_firstname start earning {209|282|89} every time you turn on your {computer|mobile} For more {information|info} go to www.ovalterminalinc.com
1115first_msg3,"Hi var_firstname work at home and make an extra {322|203|146} per {day|week}, Start today, go to www.trollunitllc.com"
1115first_msg4,Hi var_firstname Would you like to earn {253|660|333} {each|every} time you use your computer?l For {additional|more} info you can visit www.sternsilverinc.com
1115first_msg5,var_firstname Could you use an extra {413|358|165} each {week|day} just using ur internet. {For|Get} {additional|more} info by clickng here for free today: www.timecirquellc.com
1115first_msg6,var_firstname start {earning|making} {380|234|419} every time you turn on your phone. For additional {information|info} go to www.successtopinc.com
1115first_msg7,"Hi var_firstname work at home and make an extra {202|403|546} per {day|week}, start today. {For|Get} more info by clicking here: www.optimizemovellc.com"
1115first_msg8,Hello var_firstname Would you like to {earn|make} {214|399|324} every time you use your cellphone? For {additional|extra} info visit us at www.magicaenterprises.com
1115first_msg9,Hi var_firstname Would you like to earn {253|660|333} {each|every} time you use your internet?  For {additional|more} info go to www.incloudsystemsinc.com
1115first_msg10,Hey var_firstname Would you {want|like} to earn {380|280|213} every time you use your cell {Get|For} more info click here for free www.nextstepmeetingsgroup.com
1115first_msg11,"Hi var_firstname {learn|view} how other {people|members} are {making|earning|banking} {151|250|345} {each|per} day,using this {guide|system}.Click here www.breakstartinc.com"
1115first_msg12,var_firstname earn {more|extra} cash daily.You {can|will} {make|earn} up to {397|138|252} {a|each|every} day. {Go|Click} here to {see|view} for free www.ovalterminalinc.com
1115first_msg13,Hello var_firstname u can still use our {system|process} so you {profit|earn|add|make} {334|639|451}/day.{See|View} how 4free Click here www.trollunitllc.com
1115first_msg14,"var_firstname {see|view} how other {people|members} are {making|earning|banking} {306|207|196} {each|per} day,using this {guide|system}.Click here www.sternsilverinc.com"
1115first_msg15,var_firstname earn {more|extra} cash daily.You {can|will} {make|earn} up to {346|437|108} every day. {Go|Click} here to {see|view} www.timecirquellc.com
1115first_msg16,var_firstname earn {more|extra} cash daily.You {can|will} {make|earn} up to {417|138|349} {each|every} day. {Go|Click} here to {see|view} www.successtopinc.com
1115first_msg17,var_firstname u can still use our tested {system|process} so you {profit|earn|add|make} an {extra|added} {568|440|237}/day.{See|View} how 4free Click here www.optimizemovellc.com
1115first_msg18,var_firstname {Start|Now} {earning|making} up to {258|640|163} {each|every} day using this one {easy|secret} {trick|guide}.{View|See} it here: www.magicaenterprises.com
1115first_msg19,Hey var_firstname {Begin|Start} {working|earning} for {yourself|you} in {3|2|4} days {using|with} this system Free {info|guide} Click Here www.incloudsystemsinc.com
1115first_msg20,Hey var_firstname {Begin|Get} {earning|working} {from|at} home after {2|3|4} days using {this|our} guide Start now {click|Go} here www.nextstepmeetingsgroup.com
