messages,1116first_msgs
1116first_1,Hey var_firstname Would you {want|like} to earn {645|578|322} every time you use your internet? For additional {information|info} go to www.newworkgroup.com
1116first_2,Hey var_firstname start earning {209|282|89} every time you turn on your {computer|mobile} For more {information|info} go to www.wildsilverllc.com
1116first_3,"Hi var_firstname work at home and make an extra {322|203|146} per {day|week}, Start today, go to www.threedrivellc.com"
1116first_4,Hi var_firstname Would you like to earn {253|660|333} {each|every} time you use your computer?l For {additional|more} info you can visit www.breakstoday.com
1116first_5,var_firstname Could you use an extra {413|358|165} each {week|day} just using ur internet. {For|Get} {additional|more} info by clickng here for free today: www.platinumplantllc.com
1116first_6,var_firstname start {earning|making} {380|234|419} every time you turn on your phone. For additional {information|info} go to www.moondaybreakinc.com
1116first_7,"Hi var_firstname work at home and make an extra {202|403|546} per {day|week}, start today. {For|Get} more info by clicking here: www.micworksnow.com"
1116first_8,Hello var_firstname Would you like to {earn|make} {214|399|324} every time you use your cellphone? For {additional|extra} info visit us at www.dodsmanagement.com
1116first_9,Hi var_firstname Would you like to earn {253|660|333} {each|every} time you use your internet?  For {additional|more} info go to www.ontimegroupc.com
1116first_10,Hey var_firstname Would you {want|like} to earn {380|280|213} every time you use your cell {Get|For} more info click here for free www.sterncompanyllc.com
1116first_11,"Hi var_firstname {learn|view} how other {people|members} are {making|earning|banking} {151|250|345} {each|per} day,using this {guide|system}.Click here www.newworkgroup.com"
1116first_12,var_firstname earn {more|extra} cash daily.You {can|will} {make|earn} up to {397|138|252} {a|each|every} day. {Go|Click} here to {see|view} for free www.wildsilverllc.com
1116first_13,Hello var_firstname u can still use our {system|process} so you {profit|earn|add|make} {334|639|451}/day.{See|View} how 4free Click here www.threedrivellc.com
1116first_14,"var_firstname {see|view} how other {people|members} are {making|earning|banking} {306|207|196} {each|per} day,using this {guide|system}.Click here www.breakstoday.com"
1116first_15,var_firstname earn {more|extra} cash daily.You {can|will} {make|earn} up to {346|437|108} every day. {Go|Click} here to {see|view} www.platinumplantllc.com
1116first_16,var_firstname earn {more|extra} cash daily.You {can|will} {make|earn} up to {417|138|349} {each|every} day. {Go|Click} here to {see|view} www.moondaybreakinc.com
1116first_17,var_firstname u can still use our tested {system|process} so you {profit|earn|add|make} an {extra|added} {568|440|237}/day.{See|View} how 4free Click here www.micworksnow.com
1116first_18,var_firstname {Start|Now} {earning|making} up to {258|640|163} {each|every} day using this one {easy|secret} {trick|guide}.{View|See} it here: www.dodsmanagement.com
1116first_19,Hey var_firstname {Begin|Start} {working|earning} for {yourself|you} in {3|2|4} days {using|with} this system Free {info|guide} Click Here www.ontimegroupc.com
1116first_20,Hey var_firstname {Begin|Get} {earning|working} {from|at} home after {2|3|4} days using {this|our} guide Start now {click|Go} here www.sterncompanyllc.com
1116first_21,Hello var_firstname this {requires|needs} no {experience|knowledge} or skills. See how today for free by clicking www.newworkgroup.com
1116first_22,Hi var_firstname this {system|program} {allows|lets} you to work from anywhere {as long as you have|all you need is} {a computer|internet|a laptop} Visit www.wildsilverllc.com
1116first_23,var_firstname this {system|program|formula|business} will literally {drag|pull|push} you kicking and screaming to success. Click www.threedrivellc.com
1116first_24,Hello var_firstname just wanted to {let you know|show you} this {new|unique} {system|program|formula} for success. For complete info www.breakstoday.com
1116first_25,Hey var_firstname {learn|see} how you {can|will} work with me {to|and} set up your {entire|whole} business {from|at} home. Click www.platinumplantllc.com
1116first_26,var_firstname check out {three|these} {exciting|unique|easy} ways {people|moms} are working {from|at} home. See www.moondaybreakinc.com
1116first_27,Hi var_firstname i've been {doing very well|crushing it} with this {system|program|business} and {thought|figured} you {might|would} want to try. Go to www.micworksnow.com
1116first_28,Hi var_firstname here's a {program|system|formula} that can help you {navigate|see|get} {around|past} all that online marketing hype. See for free www.dodsmanagement.com
1116first_29,Hey var_firstname your {coach|mentor} will {walk|guide|show} you through the {process|system|program} and answer any questions. Visit www.ontimegroupc.com
1116first_30,Hi var_firstname how would you like me to {teach|show} you how to {start|launch|make} your own {business|company} {from|at} home? Click here www.sterncompanyllc.com
