msgs,1118_2ndmsg
1118_2nd1,"Hi var_firstname {learn|view} how other {people|members} are {making|earning|banking} {151|250|345} {each|per} day,using this {guide|system}.Click here www.tumblermediagroup.com"
1118_2nd2,var_firstname earn {more|extra} cash daily.You {can|will} {make|earn} up to {397|138|252} {a|each|every} day. {Go|Click} here to {see|view} for free www.blueribbonenterprise.com
1118_2nd3,Hello var_firstname u can still use our {system|process} so you {profit|earn|add|make} {334|639|451}/day.{See|View} how 4free Click here www.buckexpressllc.com
1118_2nd4,"var_firstname {see|view} how other {people|members} are {making|earning|banking} {306|207|196} {each|per} day,using this {guide|system}.Click here www.simpleactivesolutions.com"
1118_2nd5,var_firstname earn {more|extra} cash daily.You {can|will} {make|earn} up to {346|437|108} every day. {Go|Click} here to {see|view} www.woodedstripes.com
1118_2nd6,var_firstname earn {more|extra} cash daily.You {can|will} {make|earn} up to {417|138|349} {each|every} day. {Go|Click} here to {see|view} www.almostfullgroup.com
1118_2nd7,var_firstname u can still use our tested {system|process} so you {profit|earn|add|make} an {extra|added} {568|440|237}/day.{See|View} how 4free Click here www.threegearsconsulting.com
1118_2nd8,var_firstname {Start|Now} {earning|making} up to {258|640|163} {each|every} day using this one {easy|secret} {trick|guide}.{View|See} it here: www.powerplusllc.com
1118_2nd9,Hey var_firstname {Begin|Start} {working|earning} for {yourself|you} in {3|2|4} days {using|with} this system Free {info|guide} Click Here www.streammanagementgroup.com
1118_2nd10,Hey var_firstname {Begin|Get} {earning|working} {from|at} home after {2|3|4} days using {this|our} guide Start now {click|Go} here www.catzmanagmentllc.com
1118_2nd11,Hello var_firstname this {requires|needs} no {experience|knowledge} or skills. See how today for free by clicking www.tumblermediagroup.com
1118_2nd12,Hi var_firstname this {system|program} {allows|lets} you to work from anywhere {as long as you have|all you need is} {a computer|internet|a laptop} Visit www.blueribbonenterprise.com
1118_2nd13,var_firstname this {system|program|formula|business} will literally {drag|pull|push} you kicking and screaming to success. Click www.buckexpressllc.com
1118_2nd14,Hello var_firstname just wanted to {let you know|show you} this {new|unique} {system|program|formula} for success. For complete info www.woodedstripes.com
1118_2nd15,Hey var_firstname {learn|see} how you {can|will} work with me {to|and} set up your {entire|whole} business {from|at} home. Click www.almostfullgroup.com
1118_2nd16,var_firstname check out {three|these} {exciting|unique|easy} ways {people|moms} are working {from|at} home. See www.simpleactivesolutions.com
1118_2nd17,Hi var_firstname i've been {doing very well|crushing it} with this {system|program|business} and {thought|figured} you {might|would} want to try. Go to www.threegearsconsulting.com
1118_2nd18,Hi var_firstname here's a {program|system|formula} that can help you {navigate|see|get} {around|past} all that online marketing hype. See for free www.powerplusllc.com
1118_2nd19,Hey var_firstname your {coach|mentor} will {walk|guide|show} you through the {process|system|program} and answer any questions. Visit www.streammanagementgroup.com
1118_2nd20,Hi var_firstname how would you like me to {teach|show} you how to {start|launch|make} your own {business|company} {from|at} home? Click here www.catzmanagmentllc.com
