msgs,1119_4thmsg
1119_4th1,var_firstname we hope you didn't miss what other {people|members} are doing using this {guide|system}.Click here www.fieldpursueinc.com
1119_4th2,"var_firstname, you {can|will} generate up to hundreds day. {Go|Click} here to {see|view} for free today www.limepacificinc.com"
1119_4th3,"Hello var_firstname you have one pending message, hope you didn't miss the notice. View {free|today} www.protoactivellc.com"
1119_4th4,"Reminder: var_firstname you have one unread message, Click here to {go now|view} www.chewassociatesllc.com"
1119_4th5,"This is a notice for your message that you might have missed, read it today at www.zipstreamers.com"
1119_4th6,var_firstname s33 for fr33 that you {can|will} use this simple guid3 that other people have us3d onlin3. {Go|Click} h3r3 to {s33|vi3w} www.coastaldelmarinc.com
1119_4th7,"var_firstname ,y0u have 0ne unread message in y0ur inb0x, view t0day s0 y0u d0n't miss 0ut. See at www.partchartinc.com"
1119_4th8,"var_firstname  0ne missed message sitting in y0ur acc0unt, expires in a c0uple of days, view n0w at www.tattlerflourinc.com"
1119_4th9,"Hey var_firstname b3gin vi3wing your m3ssag3s in your inbox today befor3 3xpiration, you can click h3r3 www.harpstandardinc.com"
1119_4th10,"Hi var_firstname s33 this guid3 sitting in your account, hurry, 3xpiring soon so don't miss out! Vi3w h3r3: www.irondelmarllc.com"
1119_4th11,var_firstname we hope you didn't miss what other {people|members} are doing using this {guide|system}.Click here www.irondelmarllc.com
1119_4th12,"var_firstname, you {can|will} generate up to hundreds day. {Go|Click} here to {see|view} for free today www.harpstandardinc.com"
1119_4th13,"Hello var_firstname you have one pending message, hope you didn't miss the notice. View {free|today} www.coastaldelmarinc.com"
1119_4th14,"Reminder: var_firstname you have one unread message, Click here to {go now|view} www.tattlerflourinc.com"
1119_4th15,"This is a notice for your message that you might have missed, read it today at www.partchartinc.com"
1119_4th16,var_firstname s33 for fr33 that you {can|will} use this simple guid3 that other people have us3d onlin3. {Go|Click} h3r3 to {s33|vi3w} www.zipstreamers.com
1119_4th17,"var_firstname ,y0u have 0ne unread message in y0ur inb0x, view t0day s0 y0u d0n't miss 0ut. See at www.chewassociatesllc.com"
1119_4th18,"var_firstname  0ne missed message sitting in y0ur acc0unt, expires in a c0uple of days, view n0w at www.protoactivellc.com"
1119_4th19,"Hey var_firstname b3gin vi3wing your m3ssag3s in your inbox today befor3 3xpiration, you can click h3r3 www.limepacificinc.com"
1119_4th20,"Hi var_firstname s33 this guid3 sitting in your account, hurry, 3xpiring soon so don't miss out! Vi3w h3r3:  www.fieldpursueinc.com"
