msgs,1120_3rdmsg
1120_3rd1,var_firstname we hope you didn't miss what other {people|members} are doing using this {guide|system}.Click here www.hariatabletime.com
1120_3rd2,"var_firstname, you {can|will} generate up to hundreds day. {Go|Click} here to {see|view} for free today www.falconswingllc.com"
1120_3rd3,"Hello var_firstname you have one pending message, hope you didn't miss the notice. View {free|today} www.bullrodeollc.com"
1120_3rd4,"Reminder: var_firstname you have one unread message, Click here to {go now|view} www.upperboxmedia.com"
1120_3rd5,"This is a notice for your message that you might have missed, read it today at www.turnspeakerllc.com"
1120_3rd6,var_firstname s33 for fr33 that you {can|will} use this simple guid3 that other people have us3d onlin3. {Go|Click} h3r3 to {s33|vi3w} www.masterequalizerllc.com
1120_3rd7,"var_firstname ,y0u have 0ne unread message in y0ur inb0x, view t0day s0 y0u d0n't miss 0ut. See at www.ultrachargedllc.com"
1120_3rd8,"var_firstname  0ne missed message sitting in y0ur acc0unt, expires in a c0uple of days, view n0w at www.buckhostedinc.com"
1120_3rd9,"Hey var_firstname b3gin vi3wing your m3ssag3s in your inbox today befor3 3xpiration, you can click h3r3 www.jeepneyindustries.com"
1120_3rd10,"Hi var_firstname s33 this guid3 sitting in your account, hurry, 3xpiring soon so don't miss out! Vi3w h3r3: www.unomovement.com"
1120_3rd11,var_firstname we hope you didn't miss what other {people|members} are doing using this {guide|system}.Click here www.hariatabletime.com
1120_3rd12,"var_firstname, you {can|will} generate up to hundreds day. {Go|Click} here to {see|view} for free today www.falconswingllc.com"
1120_3rd13,"Hello var_firstname you have one pending message, hope you didn't miss the notice. View {free|today} www.bullrodeollc.com"
1120_3rd14,"Reminder: var_firstname you have one unread message, Click here to {go now|view} www.upperboxmedia.com"
1120_3rd15,"This is a notice for your message that you might have missed, read it today at www.turnspeakerllc.com"
1120_3rd16,var_firstname s33 for fr33 that you {can|will} use this simple guid3 that other people have us3d onlin3. {Go|Click} h3r3 to {s33|vi3w} www.masterequalizerllc.com
1120_3rd17,"var_firstname ,y0u have 0ne unread message in y0ur inb0x, view t0day s0 y0u d0n't miss 0ut. See at www.ultrachargedllc.com"
1120_3rd18,"var_firstname  0ne missed message sitting in y0ur acc0unt, expires in a c0uple of days, view n0w at www.buckhostedinc.com"
1120_3rd19,"Hey var_firstname b3gin vi3wing your m3ssag3s in your inbox today befor3 3xpiration, you can click h3r3 www.jeepneyindustries.com"
1120_3rd20,"Hi var_firstname s33 this guid3 sitting in your account, hurry, 3xpiring soon so don't miss out! Vi3w h3r3: www.unomovement.com"
1120_3rd21,var_firstname we hope you didn't miss what other {people|members} are doing using this {guide|system}.Click here www.unomovement.com
1120_3rd22,"var_firstname, you {can|will} generate up to hundreds day. {Go|Click} here to {see|view} for free today www.jeepneyindustries.com"
1120_3rd23,"Hello var_firstname you have one pending message, hope you didn't miss the notice. View {free|today} www.buckhostedinc.com"
1120_3rd24,"Reminder: var_firstname you have one unread message, Click here to {go now|view} www.ultrachargedllc.com"
