1122_2nd1,var_firstname we hope you didn't miss what other {people|members} are doing using this {guide|system}.Click here www.polarisdiscoveryinc.com
1122_2nd2,"var_firstname, you {can|will} generate up to hundreds day. {Go|Click} here to {see|view} for free today www.regalavatars.com"
1122_2nd3,"Hello var_firstname you have one pending message, hope you didn't miss the notice. View {free|today} www.yunidivision.com"
1122_2nd4,"Reminder: var_firstname you have one unread message, Click here to {go now|view} www.journeykaya.com"
1122_2nd5,"This is a notice for your message that you might have missed, read it today at www.regalavatars.com"
1122_2nd6,var_firstname s33 for fr33 that you {can|will} use this simple guid3 that other people have us3d onlin3. {Go|Click} h3r3 to {s33|vi3w} www.majormarketcreds.com
1122_2nd7,"var_firstname ,y0u have 0ne unread message in y0ur inb0x, view t0day s0 y0u d0n't miss 0ut. See at www.yunidivision.com"
1122_2nd8,"var_firstname  0ne missed message sitting in y0ur acc0unt, expires in a c0uple of days, view n0w at www.atlantisaccents.com"
1122_2nd9,"Hey var_firstname b3gin vi3wing your m3ssag3s in your inbox today befor3 3xpiration, you can click h3r3 www.simplezsolutions.com"
1122_2nd10,"Hi var_firstname s33 this guid3 sitting in your account, hurry, 3xpiring soon so don't miss out! Vi3w h3r3: www.journeykaya.com"
1122_2nd11,var_firstname we hope you didn't miss what other {people|members} are doing using this {guide|system}.Click here www.majormarketcreds.com
1122_2nd12,"var_firstname, you {can|will} generate up to hundreds day. {Go|Click} here to {see|view} for free today www.polarisdiscoveryinc.com"
1122_2nd13,"Hello var_firstname you have one pending message, hope you didn't miss the notice. View {free|today} www.freshbizindustries.com"
1122_2nd14,"Reminder: var_firstname you have one unread message, Click here to {go now|view} www.batterypubs.com"
1122_2nd15,var_firstname we hope you didn't miss what other {people|members} are doing using this {guide|system}.Click here www.batterypubs.com
1122_2nd16,"var_firstname, you {can|will} generate up to hundreds day. {Go|Click} here to {see|view} for free today www.atlantisaccents.com"
1122_2nd17,"Hello var_firstname you have one pending message, hope you didn't miss the notice. View {free|today} www.freshbizindustries.com"
1122_2nd18,"Reminder: var_firstname you have one unread message, Click here to {go now|view} www.simplezsolutions.com"
1122_2nd19,"This is a notice for your message that you might have missed, read it today at www.majormarketcreds.com"
1122_2nd20,var_firstname s33 for fr33 that you {can|will} use this simple guid3 that other people have us3d onlin3. {Go|Click} h3r3 to {s33|vi3w} www.firstwaveunited.com
1122_2nd21,"var_firstname ,y0u have 0ne unread message in y0ur inb0x, view t0day s0 y0u d0n't miss 0ut. See at www.journeykaya.com"
1122_2nd22,"var_firstname  0ne missed message sitting in y0ur acc0unt, expires in a c0uple of days, view n0w at www.majormarketcreds.com"
1122_2nd23,"Hey var_firstname b3gin vi3wing your m3ssag3s in your inbox today befor3 3xpiration, you can click h3r3 www.firstwaveunited.com"
1122_2nd24,"Hi var_firstname s33 this guid3 sitting in your account, hurry, 3xpiring soon so don't miss out! Vi3w h3r3: www.simplezsolutions.com"
1122_2nd25,var_firstname we hope you didn't miss what other {people|members} are doing using this {guide|system}.Click here www.freshbizindustries.com
1122_2nd26,"var_firstname, you {can|will} generate up to hundreds day. {Go|Click} here to {see|view} for free today www.journeykaya.com"
1122_2nd27,"Hello var_firstname you have one pending message, hope you didn't miss the notice. View {free|today} www.yunidivision.com"
1122_2nd28,"Reminder: var_firstname you have one unread message, Click here to {go now|view} www.atlantisaccents.com"
1122_2nd29,"This is a notice for your message that you might have missed, read it today at www.polarisdiscoveryinc.com"
1122_2nd30,var_firstname s33 for fr33 that you {can|will} use this simple guid3 that other people have us3d onlin3. {Go|Click} h3r3 to {s33|vi3w} www.firstwaveunited.com
1122_2nd31,"var_firstname ,y0u have 0ne unread message in y0ur inb0x, view t0day s0 y0u d0n't miss 0ut. See at www.simplezsolutions.com"
1122_2nd32,"var_firstname  0ne missed message sitting in y0ur acc0unt, expires in a c0uple of days, view n0w at www.batterypubs.com"
1122_2nd33,"Hey var_firstname b3gin vi3wing your m3ssag3s in your inbox today befor3 3xpiration, you can click h3r3 www.majormarketcreds.com"
1122_2nd34,"Hi var_firstname s33 this guid3 sitting in your account, hurry, 3xpiring soon so don't miss out! Vi3w h3r3:  www.yunidivision.com"
1122_2nd35,var_firstname we hope you didn't miss what other {people|members} are doing using this {guide|system}.Click here www.journeykaya.com
1122_2nd36,"var_firstname, you {can|will} generate up to hundreds day. {Go|Click} here to {see|view} for free today www.firstwaveunited.com"
1122_2nd37,"Hello var_firstname you have one pending message, hope you didn't miss the notice. View {free|today} www.freshbizindustries.com"
1122_2nd38,"Reminder: var_firstname you have one unread message, Click here to {go now|view} www.simplezsolutions.com"
1122_2nd39,"This is a notice for your message that you might have missed, read it today at www.polarisdiscoveryinc.com"
1122_2nd40,var_firstname s33 for fr33 that you {can|will} use this simple guid3 that other people have us3d onlin3. {Go|Click} h3r3 to {s33|vi3w} www.firstwaveunited.com
1122_2nd41,"var_firstname ,y0u have 0ne unread message in y0ur inb0x, view t0day s0 y0u d0n't miss 0ut. See at www.atlantisaccents.com"
1122_2nd42,"var_firstname  0ne missed message sitting in y0ur acc0unt, expires in a c0uple of days, view n0w at www.journeykaya.com"
1122_2nd43,"Hey var_firstname b3gin vi3wing your m3ssag3s in your inbox today befor3 3xpiration, you can click h3r3 www.regalavatars.com"
1122_2nd44,"Hi var_firstname s33 this guid3 sitting in your account, hurry, 3xpiring soon so don't miss out! Vi3w h3r3: www.batterypubs.com"
