1129_2nd1,"{Greetings|Hello} var_firstname , we all have at least 1 thing to be thankful 4. Don't {miss out|wait} on this {program|system|guide} . See for free www.boxpressinc.com"
1129_2nd2,"var_firstname , Happy {Thanksgiving|Holidays} check out how this {guy|girl} has taken this {guide|system} to the next level. {Eat|Drink} and be thankful. Go to www.localteamupdates.com"
1129_2nd3,"var_firstname ,{shhh|be quiet},learn this secret system that is definitely something to be thankful for. View now for free at www.yourlocalwincoach.com"
1129_2nd4,Let {us|me} show you something to be {grateful|thankful for} this holiday season var_firstname. Share with your {friend|family|loved one}. Watch how at www.mediamogulsnow.com
1129_2nd5,"var_firstname ,gobble gobble! See how these other {members|fellows} are now doing with this system. Have a thankful weekend ahead. More info at www.yourhomebasedopps.com"
1129_2nd6,"var_firstname Happy {H0lidays|Thanksgiving}, share this {blessing|0pp0rtunity} with a friend t0day, have a {blessed|great} weekend. G0 here to view: www.icedsunshineinc.com"
1129_2nd7,There 1s always {someone|something} to be {grateful|thankful} for var_firstname . Check out th1s {guide|program} and share w1th a {friend|loved one}. S33 @ www.localteamupdates.com
1129_2nd8,"Happy Holidays, l00king for a 0nce in a lifetime {opportunity?|chance?} See h0w t0 create that dream, gobble gobble! S33 today @ www.frametactinc.com"
1129_2nd9,"{Greetings|Hello} var_firstname , w3 all have at l3ast one thing to be thankful for. D0n't {miss 0ut|wait} on this {pr0gram|system|guide} . See for free www.boxpressinc.com"
1129_2nd10,"var_firstname , Happy {Thanksgiving|Holidays} check out how th1s {guy|girl} has taken th1s {guide|system} to the next level. {Eat|Drink} and 8e thankful. Go to www.yourhomebasedopps.com"
1129_2nd11,"var_firstname ,{shhh|be quiet},learn this secret system that is definitely s0mething t0 be thankful 4. View now 4 free at www.mediamogulsnow.com"
1129_2nd12,Let {us|me} sh0w y0u something 2 be {grateful|thankful for} this h0liday seas0n var_firstname. Share with your {friend|family|loved one}. Watch how at www.yourhomebasedopps.com
1129_2nd13,"var_firstname ,gobble gobble! See how these other {members|fellows} are now doing with this system. Have a thankful weekend ahead. More info at www.yourlocalwincoach.com"
1129_2nd14,"var_firstname ,needing resources to {jumpstart|start} your business? S33 how this {video|clip} could be of help. Happy {Holidays|Thanksgiving} G0 t0 www.bygoneflakeinc.com"
1129_2nd15,"var_firstname ,see how this {weekend|limited} special just might change your life {forever|for good} This is something 2 be thankful for, view at www.frametactinc.com"
1129_2nd16,"Happy Holidays, l00king for a once in a lifetime {opportunity?|chance?} See how to create that dream, gobble gobble! See today at www.icedsunshineinc.com"
1129_2nd17,"{Greetings|Hello} var_firstname , we all have at least 1 thing to be thankful for. Don't {miss out|wait} on this {program|system|guide} . See for free www.blizzardharpinc.com"
1129_2nd18,"var_firstname , Happy {Thanksgiving|Holidays} check out how this {guy|girl} has taken this {guide|system} to the next level. {Eat|Drink} and be thankful. G0 t0 www.grayracinginc.com"
1129_2nd19,"var_firstname ,{shhh|be quiet},learn th1s secret system that is definitely something to be thankful for. View now 4 free at www.frametactinc.com"
1129_2nd20,Let {us|me} show u something 2be {grateful|thankful for} this holiday season var_firstname. Share with your {friend|family|loved one}. Watch how at www.localteamupdates.com
1129_2nd21,"var_firstname ,gobble gobble! See how these other {members|fellows} ar3 now doing with this system. Have a thankful weekend ah3ad. More info at www.grayracinginc.com"
1129_2nd22,"var_firstname ,needing resources to {jumpstart|start} y0ur business? See how this {video|clip} could be 0f help. Happy {Holidays|Thanksgiving} Go 2 www.grayracinginc.com"
1129_2nd23,"var_firstname ,see how this {weekend|limited} special just might change your life {forever|for good} This is something to be thankful for, view at www.blizzardharpinc.com"
1129_2nd24,"Share this {wonderful|holiday} {blessing|opportunity} to friends and family. Hurry,offer will not last,gobble 2x. See what the secret is at www.mediamogulsnow.com"
1129_2nd25,"var_firstname Happy {Holidays|Thanksgiving}, share this {blessing|opportunity} with a friend today, have a {blessed|great} weekend. Go here to view: www.icedsunshineinc.com"
1129_2nd26,"var_firstname Happy {H0lidays|Thanksgiving}, share this {blessing|0pp0rtunity} with a friend t0day, have a {blessed|great} weekend. G0 here to view: www.frametactinc.com"
1129_2nd27,There 1s always {someone|something} to be {grateful|thankful} for var_firstname . Check out th1s {guide|program} and share w1th a {friend|loved one}. S33 @ www.boxpressinc.com
1129_2nd28,"Happy Holidays, l00king for a 0nce in a lifetime {opportunity?|chance?} See h0w t0 create that dream, gobble gobble! S33 today @ www.bygoneflakeinc.com"
1129_2nd29,"{Greetings|Hello} var_firstname , w3 all have at l3ast one thing to be thankful for. D0n't {miss 0ut|wait} on this {pr0gram|system|guide} . See for free www.yourlocalwincoach.com"
1129_2nd30,"var_firstname , Happy {Thanksgiving|Holidays} check out how th1s {guy|girl} has taken th1s {guide|system} to the next level. {Eat|Drink} and 8e thankful. Go to www.bygoneflakeinc.com"
1129_2nd31,"var_firstname ,{shhh|be quiet},learn this secret system that is definitely s0mething t0 be thankful 4. View now 4 free at www.yourhomebasedopps.com"
1129_2nd32,Let {us|me} sh0w y0u something 2 be {grateful|thankful for} this h0liday seas0n var_firstname. Share with your {friend|family|loved one}. Watch how at www.blizzardharpinc.com
1129_2nd33,"var_firstname ,gobble gobble! See how these other {members|fellows} are now doing with this system. Have a thankful weekend ahead. More info at www.localteamupdates.com"
1129_2nd34,"var_firstname ,needing resources to {jumpstart|start} your business? S33 how this {video|clip} could be of help. Happy {Holidays|Thanksgiving} G0 t0 www.yourlocalwincoach.com"
1129_2nd35,"var_firstname ,see how this {weekend|limited} special just might change your life {forever|for good} This is something 2 be thankful for, view at www.blizzardharpinc.com"
1129_2nd36,"Share this {wonderful|holiday} {blessing|opportunity} 2 friends and family. Hurry,offer will not last,gobble 2x. See what the secret is at www.grayracinginc.com"
1129_2nd37,"var_firstname Happy {H0lidays|Thanksgiving}, share this {blessing|0pportunity} with a friend today, have a {blessed|great} weekend. G0 here to view: www.mediamogulsnow.com"
1129_2nd38,There is always {someone|something} to 8e {grateful|thankful} 4 var_firstname . Check out th1s {guide|program} and share with a {friend|loved one}. See at www.grayracinginc.com
1129_2nd39,"Happy Holidays, l00king for a once in a lifetime {opportunity?|chance?} See how to create that dream, gobble gobble! See today at www.blizzardharpinc.com"
1129_2nd40,"{Greetings|Hello} var_firstname , we all have at least 1 thing to be thankful for. Don't {miss out|wait} on this {program|system|guide} . See for free www.icedsunshineinc.com"
1129_2nd41,"var_firstname , Happy {Thanksgiving|Holidays} check out how this {guy|girl} has taken this {guide|system} to the next level. {Eat|Drink} and be thankful. G0 t0 www.bygoneflakeinc.com"
1129_2nd42,"var_firstname ,{shhh|be quiet},learn th1s secret system that is definitely something to be thankful for. View now 4 free at www.bygoneflakeinc.com"
1129_2nd43,Let {us|me} show u something 2be {grateful|thankful for} this holiday season var_firstname. Share with your {friend|family|loved one}. Watch how at www.boxpressinc.com
1129_2nd44,"var_firstname ,gobble gobble! See how these other {members|fellows} ar3 now doing with this system. Have a thankful weekend ah3ad. More info at www.frametactinc.com"
1129_2nd45,"var_firstname ,needing resources to {jumpstart|start} y0ur business? See how this {video|clip} could be 0f help. Happy {Holidays|Thanksgiving} Go 2 www.yourhomebasedopps.com"
1129_2nd46,"var_firstname ,see how this {weekend|limited} special just might change your life {forever|for good} This is something to be thankful for, view at www.icedsunshineinc.com"
1129_2nd47,"Share this {wonderful|holiday} {blessing|opportunity} to friends and family. Hurry,offer will not last,gobble 2x. See what the secret is at www.mediamogulsnow.com"
1129_2nd48,"var_firstname Happy {Holidays|Thanksgiving}, share this {blessing|opportunity} with a friend today, have a {blessed|great} weekend. Go here to view: www.yourlocalwincoach.com"
1129_2nd49,There is always {someone|something} to be {grateful|thankful} for var_firstname . Check out this {guide|program} and share with a {friend|loved one}. See at www.localteamupdates.com
1129_2nd50,"Happy Holidays, looking for a once in a lifetime {opportunity?|chance?} See how to create that dream, gobble gobble! See today at www.boxpressinc.com"
