1203_1st1,Hi var_firstname and thanks 4 y0ur {inquiry|interest}.{This|Here} is a {simple|quick} guide 2 get a {headstart|jumpstart}. G0 here {t0day|n0w} by c1icking on this link: www.happenstanceunoinc.com
1203_1st2,"{It's|Tis} the {seas0n|time} 2 take {a step|acti0n} and change y0ur {life|situati0n}, var_firstname. {H0me|H0use} based business starter kits by going 2 www.homebasilinc.com"
1203_1st3,It only takes {0ne|tw0} minutes of your {day|life} to {see|view} this package that just might change your {career|life} forever. C1ick 4 free now www.waitnominuteinc.com
1203_1st4,Hey var_firstname {Begin|Start} {working|earning} for {yourself|you} in {3|2|4} days {using|with} this system Free {info|guide} Click Here www.homagecaffinc.com
1203_1st5,var_firstname t4ke {more|xtra} daily.You {can|will} {make|earn} up to {237|338|2o9} {each|every} day. {Go|Click} here to {see|view} www.ameliestarinc.com
1203_1st6,Hi var_firstname this {system|pr0gram} lets y0u w0rk fr0m anywhere {as l0ng as y0u have|all y0u need is} {a c0mputer|internet|a lapt0p} Visit us @ www.homebasilinc.com
1203_1st7,Hey var_firstname ur {c0ach|ment0r} will {walk|guide|sh0w} u thr0ugh the {pr0cess|system|pr0gram} and answer any questions. Visit @ www.hanaspininc.com 4 free
1203_1st8,"Hey var_firstname Your acc0unt has an unread message expiring s00n, please d0 check it 0ut b4 expirati0n. C1ick 4 fr33 @ www.happenstanceunoinc.com"
1203_1st9,H1 var_firstname this pr0gram {requires|needs} zer0 {experience|knowledge} 0r skills. See h0w t0 get trained 2day 4 free by clicking www.swiftcaseinc.com
1203_1st10,"Hello var_firstname y0u have 1 sitting message in ur acc0unt, h0pe y0u didn't miss the n0tice. View {free|t0day} @ www.waitnominuteinc.com"
1203_1st11,Hi var_firstname and thanks 4 y0ur {inquiry|interest}.{This|Here} is a {simple|quick} guide 2 get a {headstart|jumpstart}. G0 here {t0day|n0w} by c1icking on this link: www.capperflakesinc.com
1203_1st12,"{It's|Tis} the {seas0n|time} 2 take {a step|acti0n} and change y0ur {life|situati0n}, var_firstname. {H0me|H0use} based business starter kits by going 2 www.bluejeanbizzinc.com"
1203_1st13,It only takes {0ne|tw0} minutes of your {day|life} to {see|view} this package that just might change your {career|life} forever. C1ick 4 free now www.waitnominuteinc.com
1203_1st14,Hey var_firstname {Begin|Start} {working|earning} for {yourself|you} in {3|2|4} days {using|with} this system Free {info|guide} Click Here @ www.homagecaffinc.com
1203_1st15,var_firstname t4ke {more|xtra} daily.You {can|will} {make|earn} up to {237|338|2o9} {each|every} day. {Go|Click} here to {see|view} www.capperflakesinc.com
1203_1st16,Hi var_firstname this {system|pr0gram} lets y0u w0rk fr0m anywhere {as l0ng as y0u have|all y0u need is} {a c0mputer|internet|a lapt0p} Visit us @ www.ameliestarinc.com
1203_1st17,Hey var_firstname ur {c0ach|ment0r} will {walk|guide|sh0w} u thr0ugh the {pr0cess|system|pr0gram} and answer any questions. Visit @ 4 free www.swiftcaseinc.com
1203_1st18,"Hey var_firstname Your acc0unt has an unread message expiring s00n, please d0 check it 0ut b4 expirati0n. C1ick 4 fr33 @ www.homebasilinc.com"
1203_1st19,H1 var_firstname this pr0gram {requires|needs} zer0 {experience|knowledge} 0r skills. See h0w t0 get trained 2day 4 free by clicking www.waitnominuteinc.com
1203_1st20,"Hello var_firstname y0u have 1 sitting message in ur acc0unt, h0pe y0u didn't miss the n0tice. View {free|t0day} @ www.hanaspininc.com"
1203_1st21,It only takes {0ne|tw0} minutes of your {day|life} to {see|view} this package that just might change your {career|life} forever. C1ick 4 free now www.freelancetodayinc.com
1203_1st22,Hey var_firstname {Begin|Start} {working|earning} for {yourself|you} in {3|2|4} days {using|with} this system Free {info|guide} Click Here www.happenstanceunoinc.com
1203_1st23,var_firstname t4ke {more|xtra} daily.You {can|will} {make|earn} up to {237|338|2o9} {each|every} day. {Go|Click} here to {see|view} www.bluejeanbizzinc.com
1203_1st24,Hi var_firstname this {system|pr0gram} lets y0u w0rk fr0m anywhere {as l0ng as y0u have|all y0u need is} {a c0mputer|internet|a lapt0p} Visit us @ www.homagecaffinc.com
1203_1st25,Hey var_firstname ur {c0ach|ment0r} will {walk|guide|sh0w} u thr0ugh the {pr0cess|system|pr0gram} and answer any questions. Visit @  4 free www.ameliestarinc.com
1203_1st26,"Hey var_firstname Your acc0unt has an unread message expiring s00n, please d0 check it 0ut b4 expirati0n. C1ick 4 fr33 @ www.waitnominuteinc.com"
1203_1st27,H1 var_firstname this pr0gram {requires|needs} zer0 {experience|knowledge} 0r skills. See h0w t0 get trained 2day 4 free by clicking www.swiftcaseinc.com
1203_1st28,"Hello var_firstname y0u have 1 sitting message in ur acc0unt, h0pe y0u didn't miss the n0tice. View {free|t0day} @ www.happenstanceunoinc.com"
1203_1st29,It only takes {0ne|tw0} minutes of your {day|life} to {see|view} this package that just might change your {career|life} forever. C1ick 4 free now www.homebasilinc.com
1203_1st30,Hey var_firstname {Begin|Start} {working|earning} for {yourself|you} in {3|2|4} days {using|with} this system Free {info|guide} Click Here www.hanaspininc.com
1203_1st31,var_firstname t4ke {more|xtra} daily.You {can|will} {make|earn} up to {237|338|2o9} {each|every} day. {Go|Click} here to {see|view} www.ameliestarinc.com
1203_1st32,Hi var_firstname this {system|pr0gram} lets y0u w0rk fr0m anywhere {as l0ng as y0u have|all y0u need is} {a c0mputer|internet|a lapt0p} Visit us @ www.freelancetodayinc.com
1203_1st33,Hey var_firstname ur {c0ach|ment0r} will {walk|guide|sh0w} u thr0ugh the {pr0cess|system|pr0gram} and answer any questions. Visit @  4 free www.waitnominuteinc.com
1203_1st34,"Hey var_firstname Your acc0unt has an unread message expiring s00n, please d0 check it 0ut b4 expirati0n. C1ick 4 fr33 @ www.freelancetodayinc.com"
1203_1st35,H1 var_firstname this pr0gram {requires|needs} zer0 {experience|knowledge} 0r skills. See h0w t0 get trained 2day 4 free by clicking www.capperflakesinc.com
1203_1st36,"Hello var_firstname y0u have 1 sitting message in ur acc0unt, h0pe y0u didn't miss the n0tice. View {free|t0day} @ www.bluejeanbizzinc.com"
1203_1st37,It only takes {0ne|tw0} minutes of your {day|life} to {see|view} this package that just might change your {career|life} forever. C1ick 4 free now www.homagecaffinc.com
1203_1st38,Hey var_firstname {Begin|Start} {working|earning} for {yourself|you} in {3|2|4} days {using|with} this system Free {info|guide} Click Here www.capperflakesinc.com
1203_1st39,var_firstname t4ke {more|xtra} daily.You {can|will} {make|earn} up to {237|338|2o9} {each|every} day. {Go|Click} here to {see|view} www.hanaspininc.com
1203_1st40,Hi var_firstname this {system|pr0gram} lets y0u w0rk fr0m anywhere {as l0ng as y0u have|all y0u need is} {a c0mputer|internet|a lapt0p} Visit us @ www.swiftcaseinc.com
1203_1st41,Hey var_firstname ur {c0ach|ment0r} will {walk|guide|sh0w} u thr0ugh the {pr0cess|system|pr0gram} and answer any questions. Visit @  4 free www.freelancetodayinc.com
1203_1st42,"Hey var_firstname Your acc0unt has an unread message expiring s00n, please d0 check it 0ut b4 expirati0n. C1ick 4 fr33 @ www.ameliestarinc.com"
1203_1st43,H1 var_firstname this pr0gram {requires|needs} zer0 {experience|knowledge} 0r skills. See h0w t0 get trained 2day 4 free by clicking www.waitnominuteinc.com
1203_1st44,"Hello var_firstname y0u have 1 sitting message in ur acc0unt, h0pe y0u didn't miss the n0tice. View {free|t0day} @ www.happenstanceunoinc.com"
