1209_lc1,"Hi var_firstname, the holiday {season|air} 1s here. What {best|better} way to spend it with new {0pportunities|blessings}. Cl1ck here 4 {more|added} {info|details} www.mobiletoptraining.com"
1209_lc2,"H3ll0 var_firstname ,a {pr0gram|system} that {requires|needs} 0 {experience|knowledge} and {complete|comprehensive} training. See h0w 4 free at www.alternativeonlinegroup.com"
1209_lc3,"Gr33tings var_firstname y0u have {1|a} m3ssage in ur inb0x, h0pe y0u didn't miss it the 1st time ar0und. View {free|t0day} here @ www.mobilecompanyt.com"
1209_lc4,"H1 var_firstname, it's the most w0nderful {time|seas0n} of the year. D1d y0u kn0w y0u can {partake|j0in} in th1s once in a lifetime chance? See 4 more @ www.thecelloppsnetwork.com"
1209_lc5,"H3y var_firstname, wanna make {up to|around} {45o|6o1|501} {daily|everyday}? Easy breezy with th1s {step by step|s1mple} gu1de at www.thecellphoneopps.com"
1209_lc6,"Y0ur acc0unt, var_firstname, has a m3ssage pend1ng, cl1ck here b4 it exp1res, thank y0u. Please view @ www.homeoppsnow.com"
1209_lc7,"Hello var_firstname, {thanks|thank y0u} 4 y0ur interest in our {pr0gram|system} H3r3 is {a simple|an easy} instructional {vide0|platf0rm} @ www.workingfromurhome.com"
1209_lc8,"var_firstname, it only takes {4|5} minutes of your {day|life} to {see|view} this package that just might change your {career|life} forever. View n0w @ www.proctorfromhome.com"
1209_lc9,We received y0ur {intenti0n|interest} to learn m0re ab0ut us. Thank you and we h0pe th1s gu1ded {vide0|package} helps. Cli1ck 4 free @ www.onlinemanagementcorp.com
1209_lc10,{Thanks|Thank you} for y0ur interest. H3r3 is a {sample|brief} {overview|summary} Cl1ck 4 free t0day at th1s site: www.amplifyfreepeople.com
1209_lc11,"Hi var_firstname, the holiday {season|air} 1s here. What {best|better} way to spend it with new {0pportunities|blessings}. Cl1ck here 4 {more|added} {info|details} www.amplifyfreepeople.com"
1209_lc12,"H3ll0 var_firstname ,a {pr0gram|system} that {requires|needs} 0 {experience|knowledge} and {complete|comprehensive} training. See h0w 4 free @ www.proctorfromhome.com"
1209_lc13,"Gr33tings var_firstname y0u have {1|a} m3ssage in ur inb0x, h0pe y0u didn't miss it the 1st time ar0und. View {free|t0day} here @ www.thecelloppsnetwork.com"
1209_lc14,"H1 var_firstname, it's the most w0nderful {time|seas0n} of the year. D1d y0u kn0w y0u can {partake|j0in} in th1s once in a lifetime chance? See 4 more @ www.onlinemanagementcorp.com"
1209_lc15,"H3y var_firstname, wanna make {up to|around} {45o|6o1|501} {daily|everyday}? Easy breezy with th1s {step by step|s1mple} gu1de at www.workingfromurhome.com"
1209_lc16,"Y0ur acc0unt, var_firstname, has a m3ssage pend1ng, cl1ck here b4 it exp1res, thank y0u. Please view @ www.alternativeonlinegroup.com"
1209_lc17,"Hello var_firstname, {thanks|thank y0u} 4 y0ur interest in our {pr0gram|system} H3r3 is {a simple|an easy} instructional {vide0|platf0rm} @ www.homeoppsnow.com"
1209_lc18,"var_firstname, it only takes {4|5} minutes of your {day|life} to {see|view} this package that just might change your {career|life} forever. View n0w @ www.thecellphoneopps.com"
1209_lc19,We received y0ur {intenti0n|interest} to learn m0re ab0ut us. Thank you and we h0pe th1s gu1ded {vide0|package} helps. Cli1ck 4 free @ www.mobilecompanyt.com
1209_lc20,{Thanks|Thank you} for y0ur interest. H3r3 is a {sample|brief} {overview|summary} Cl1ck 4 free t0day at th1s site: www.mobiletoptraining.com
