1230_1,"var_firstname , the new year is almost here! Interested in {seeing|checking} the simple way to {earn|make} extra {m0ney|cash}? Go to www.hariatabletime.com"
1230_2,"2015 is {almost|closely} over var_firstname ,we are {offering|sharing} opportunities with {ppl|memb3rs} interested to start 2o16 with a bang. More d3tails @ www.falconswingllc.com"
1230_3,"var_firstname, happyh0lidays! R3ady to take {3o5|4o5|5o5} fr0m th1s {system|pr0gram} that 0ther {f0lks|friends} have been {us1ng|d0ing}? {S33|Vi3w} @ www.bullrodeollc.com"
1230_4,"H3y var_firstname, happyh0lidays! {3arn|mak3} up to {32oo|54oo|65oo} just by {us1ng|0perat1ng} th1s step-by-step {guid3|0utline}. See it {n0w|2day} at www.upperboxmedia.com"
1230_5,"2016 is {arriving|coming} var_firstname! Here is a {present|gift} from us, a {way|plan} to {earn|make} s0me extra d0llars with this h0me-based prog. View @ www.turnspeakerllc.com"
1230_6,Close to a happy new year var_firstname w/th1s {easy|attainable} system to {start|jumpstart} y0ur daily house-0perat3d bizness. Inf0 @ www.masterequalizerllc.com
1230_7,Ready to jumspart 2016 w/th1s home kit to {earn|pr0fit} fr0m h0me beginning the last week of th1s year?. View summary @ www.ultrachargedllc.com
1230_8,"Greetings var_firstname, {enj0y|rej0ice} as we give th1s {valuable|deta1led} pr0gram help1ng y0u make m0ney fr0m h0me. Hurry b4 exp1ry @ at www.buckhostedinc.com"
1230_9,"H3llo var_firstname,in your area, we are 0ffering h0me based p0siti0ns with {gu1dance|details} on h0w to beg1n {w0rking|pr0fiting} fr0m the c0mforts of h0me. View at www.turnspeakerllc.com"
1230_10,"Hello var_firstname, t0day we {share|give} a step.by.step {guide|pr0gram} t0 help y0u {beg1n|start} w0rking from y0ur {h0me|h0use} See more ab0ut it here @ www.hariatabletime.com"
1230_11,"So t0day, we share one of the internet's best kept {secrets|s0lutions} in {making|prof1ting} fr0m the comf0rt of {h0me|your h0use} Complete details for var_firstname @ www.falconswingllc.com"
1230_12,"{Hey|Hi|Hello} var_firstname ,are you ready to {be|start|beg1n} making {some|extra} {dollar$|ca$h|bill$}? Th1s s1mple guide will {walk|help} y0u understand the {system|process} View @ www.upperboxmedia.com"
1230_13,"{Greetings|Happy Holidays} var_firstname, y0u are {0ne|part} of the {few|selected} pe0ple ch0sen to {partake in|view} this h0me business {opp0rtunity|pr0gram} S33 here @ www.bullrodeollc.com
"
1230_14,Thank you var_firstname for your {inqui1ry|interest} in 0ur {system|pr0gram}. You can {review|finalize} y0ur membership to start mak1ng extra {m0ney|ca$h|dollar$} Cl1ck here www.masterequalizerllc.com
1230_15,"var_firstname , are you interested in {see1ng|view1ng} the detailed {outline|summary} on how to understand the {pr0cess|steps} in generating #ome-based inc0me? View n0w @ www.ultrachargedllc.com"
1230_16,"Th1s is y0ur {chance|m0ment} to j0in us as we {share|sh0w} h0w y0u too, var_firstname, can be mak1ng this busine$$ w0rk 0ut f0r y0u. Understand m0re at www.buckhostedinc.com"
1230_17,"{Thanks|thank you} var_firstname, for be1ng interested in th1s {pr0gram|membersh1p} where {hundreds|thousands} of Americans have started {inquiring|ask1ng} ab0ut. {D3tails|Info} at www.jeepneyindustries.com"
1230_18,"{h3llo|h3y} var_firstname, y0u have been {picked|ch0sen} to end the 9-5 {battle|struggle} by {us1ng|start1ng} this {app|plan} to make {xtra|add3d} holiday spendings. Enjoy @ www.unomovement.com"
1230_19,"Ho ho ho, h0liday seas0n is here var_firstname. Enj0y th1s {syst3m|pr0gram} where th1s {girl|guy} has used to change their life forever. Hurry b4 it {lapses|exp1res} @ www.jeepneyindustries.com"
1230_20,{Tired|Done} with your {0ffice|b0ss|r0utine} var_firstname? Th1s {opp0rtunity|business} plan will get you 0ne step cl0ser to a new {life|work fl0w} Understand it t0day @ www.unomovement.com
1230_21,"You hav3 {1|0ne} pending {msg|m3ssage} in y0ur acc0unt, var_firstname. {See|0pen|View} today bef0re th1s {laps3s|exp1res} Click here www.jeepneyindustries.com"
1230_22,There is {1|a} {sitting|p3nding} un0pened n0tice in the inb0x of var_firstname. Please make time to {review|0pen} it bef0re it is no l0nger valid. See it n0w at www.unomovement.com
1230_23,"Anyth1ng is p0ssible with th1s s1mple step.by.step guided {pr0gram|description} of h0w exactly you can, in a {few|couple} months, quit your {job|w0rk} See @ www.buckhostedinc.com"
1230_24,"var_firstname ,the {simpl3|easy} gu1de is st1ll ava1lable as per y0ur request. {v1s1t|Click} here t0 claim it before expiring. Open now, hurry, at www.ultrachargedllc.com"
1230_25,"{h3llo|hey} var_firstname ,a simpl3 r3mind3r about a {msg|vide0} in y0ur acc0unt, Click to {s33|view|cla1m} 4 fr33 @ www.masterequalizerllc.com"
1230_26,"Hello, hello var_firstname , there's {a|1} reminder 1n y0ur acc0unt ab0ut 0ur early h0liday gift {Click|v1s1t} here t0 {s33|op3n} www.turnspeakerllc.com"
1230_27,Happy holidays var_firstname we h0pe y0u didn't miss what 0thers are doing using th1s early h0liday present f0r y0u @ www.upperboxmedia.com
1230_28,"Thank you for your patience while we were {find1ng|search1ng} a perfect custom program that fits your needs, var_firstname. Cla1m it b4 0thers do at  www.bullrodeollc.com"
1230_29,{hey|hi|hell0} var_firstname h0pe y0u {didn't|d0n't} miss 0ut 0n th1s early {g1ft|pres3nt}. Happy h0liday seas0n. View {free|t0day|n0w} @ www.falconswingllc.com
1230_30,"{Hi|Hello} var_firstname please don't let th1s msg exp1re b4 y0u are able to claim it for free, 0pen and enj0y t0day at www.hariatabletime.com"
