210_bopp_mr1lc1,var_firstname here's {how|h0w} {to|2} {s+art|beg1n|mov1ng} {earn1ng|mak1ng|cash1ng|keep1ng} more {and|&} more {everyday|n0w} doing exactly what y0u {want|love} t0 do {click|0pen|go} {now|here} {http://bit.ly/1nWZB1t|http://bit.ly/1Roibv3}
210_bopp_mr1lc2,{Hey|Hi1} var_firstname your {s1mple|stepbystep|basic|gu1ded} {recipe|formula|blueprint} to {design|engineer|devel0p} your success making more using {facebook|twitter|instagram} or sending simple {mail|emails}. {click|0pen|go} {now|here} {http://bit.ly/1Kb6bM6|http://bit.ly/1mrxbvf}
210_bopp_mr1lc3,{Good day|G'day|How r u?|Hii}var_firstname your {steps|kit|plan} to {engineer|get|have} more {m0ney|success|fun} & {earn|bank} using facebook {twitter|instagram} or sending simple emails. {V1si1|Click} {now|today|site} {http://bit.ly/1PN3PUa|http://bit.ly/1V2HBgX}
210_bopp_mr1lc4,"{This|There} is {truly|really|genuinely|frankly} a way t0 {get 0ut|escape} the {n1ne to 5|9 to f1ve|9+5}, var_firstname. {Internet|Technology|The Web} makes it {possible|feasible|viable}. This {site|bl0g|place} will sh0w u {gradually|in stages|bit by bit} {http://bit.ly/1mrzvTc|http://bit.ly/1Lg2dNh}"
210_bopp_mr1lc5,"var_firstname, it's time to be {bl0wn|swept|blasted} away as we get {bigger|better} {and|&} {b1gger|b3tter|fast3r} with th1s {trusted|pr0ven|rel1able|fa1thful} sys+em. You can {star+|begin|get on it} {click|0pen|go} {now|here} {http://bit.ly/1QUKxLx|http://bit.ly/1TbPoLt}"
210_bopp_mr1lc6,"{G'day|G00dday} var_firstname, y0u have {0ne|1} {unread|un0pened|s1tting|waiting} {message|msg} in y0ur {acc0unt|mail|email} {See|Open|Read} bef0re it {expires|lapses|voids}. {Cl1ck|G0|Check} @ {http://bit.ly/1o1RdhQ|http://bit.ly/1T6fGxz}"
210_bopp_mr1lc7,"{G'day|Hey|Hi} var_firstname {starT|beg1n} {maki'ng|savi'ng} an extra {1OO|hundred|hu^dred} {s0me|0r so} {c^sh|bucks} a day,or {th0usands|m0re|bett3r} if {y0u|u} {app1y|start|d0} these steps click here now {http://bit.ly/23W8ZTO|http://bit.ly/1SHt3FY}"
210_bopp_mr1lc8,var_firstname still {re1ying|c0unt1ng|depend1ng} on y0ur {checks|cheques|paysli^p} every m0nth? {App1y|F0ll0w|Use|Try|Start} this {guid3|p1an|app} {and|&} see how to {gradually|sl0wly} shift y0ur w0rk! {click|0pen|go} {now|here} {http://bit.ly/20UJZKk|http://bit.ly/1TRw3yB}
210_bopp_mr1lc9,var_firstname {cheers|here's} to a {fresh|n3w|bright} future {earn1ng|mak1ng|c^ash1ng|keep1ng} more {and|&} more {everyday|daily|weekly|monthly} doing exactly just THIS on y0ur {laptop|computer|desktop|ph0^ne} {Cl1ck|V1s1t} & {do|act}! {http://bit.ly/1T6gi6n|http://bit.ly/1TRwcSI}
210_bopp_mr1lc10,{Hi|Hey|Hello|} var_firstname I {get|have} the {feeling|vibe} you {forget|forgot} i'm {work1ng for|helping|here for} {you|U}.Update your 1nfo {today|now|here}.{click|0pen|go} {now|here} {http://bit.ly/1nX3B1R|http://bit.ly/1PBDBAi}
210_bopp_mr1lc11,{Hi||HelloHey} var_firstname if you can {copy|read|0pen} this {simple|easy|quick} {formul4|steps|sys1em} you {might|may} be {sitting|standing} on a go1dmine.Get it {going|started}.{click|0pen|go} {now|here} {http://bit.ly/1XhBJ4X|http://bit.ly/1oqLP7A}
210_bopp_mr1lc12,"{Hi|Hello|Hey|} var_firstname, Th1s is {0n the way|going|on its way} {2|t0} take 0ver the {internet|web|net}! {Some|0thers|People} have already been {keeping|being|} busy by {trying|d0ing} it. {click|0pen|go} {now|here} {http://bit.ly/1o1S560|http://bit.ly/1WdjCvO}"
210_bopp_mr1lc13,{Hi|Hey|Hello|} var_firstname {y0u r|u're} going to {love|want|need} this {simple|new|unique} {4|3|2} step {sys1em|pr0gram} to {beg1n|s+art} a ho;me based bus1ness.{click|0pen|go} {now|here} {http://bit.ly/1PBEbhE|http://bit.ly/1Sfg7qk}
210_bopp_mr1lc14,{Hi|Hello|Hey|} var_firstname this {takes|nee9s} no {exper1ence|skills|time} or {fund5|c^sh} from {you|u}.{T1me to|Let's|Now} {end|stop} the strugg1e.{click|0pen|go} {now|here} {http://bit.ly/1mrBB5j|http://bit.ly/1TbQwPi}
210_bopp_mr1lc15,"{Hello|Hi|Hey|} var_firstname Do {y0u|u} {want|wanna} {beg+n|start} y0ur {w0rk|j0b|hobby} anytime you {w^nt|please}, from {wherever|anywhere} w/a {1nternet|net} connecti0n?{click|0pen|go} {now|here} {http://bit.ly/1QUM1oW|http://bit.ly/1Wdkdxm}"
210_bopp_mr1lc16,"{Hi|Hell0|} var_firstname, we are {giving|shar1ng|show1ng} you th1s {brand new|c0mprehensive|detailed} {sys1em|pr0gram|applicati0n} {to|2} {make|get} y0u {mak1ng|earn1ng} fr0m the comforts 0f ur {h0me|h0use}.{click|0pen|go} {now|here} {http://bit.ly/1SHutAz|http://bit.ly/1TbQKpJ}"
210_bopp_mr1lc17,"{Hey|Hi|Hell0|} var_firstname, Y0u {could|can} be like {1|one|2|tw0} of these {guys|girls} wh0 {began|started} {trying|us1ng} th1s {sys+em|meth0d|pr0gram}.{click|0pen|go} {now|here} {http://bit.ly/1PN635X|http://bit.ly/20ULAzP}"
210_bopp_mr1lc18,{Hi|Hell0|H3y|} var_firstname Are y0u {feeling|gett1ng} a {little|bit} {d0ne|tired|sick} with the average {9-5|9+5}? {Exit|Escape} the rat race and {learn|understand|try} this new {progr4m|syst3m} {click|0pen|go} {now|here} {http://bit.ly/1o1T4mL|http://bit.ly/1Sfh1mK}
210_bopp_mr1lc19,"{Hi|H3llo|Hey|} var_firstname, {this|here} is the {best|advanced|new} impr0ved {system|pr0gram} that {recently|just} {launched|0pened|began}. F0r a {summary|overview} {click|0pen|go} {now|here} {http://bit.ly/1oqNBFX|http://bit.ly/1Sfh6XI}"
210_bopp_mr1lc20,{Hi|H3llo|Hey|} See h0w a {c0uple|few|bunch} 0f these {members|folks|pe0ple} have {tried|used} th1s sys+em to make it {star+|happen|w0rk} for their {good|benefit|interest} {click|0pen|go} {now|here} {http://bit.ly/1TbR9bJ|http://bit.ly/23WaMs1}
210_bopp_mr1lc21,"{Hello|Hi|Hey|} var_firstname {Talk|Think|} Ab0ut {coaching|training|learning} that is simple and {easy|quick} to {get|understand|review}, If y0u are {teachable|c0achable} th1s is f0r {u|y0u!} {click|0pen|go} {now|here} {http://bit.ly/1TRy4e5|http://bit.ly/20nTLSR}"
210_bopp_mr1lc22,{Hi|Hey|} var_firstname {see|check out|vi^w|0p3n} this {meth0d|sys'tem|formu1a} that wor'ks in {minutes|hours|days|mins.|hrs} for your {g00d|benefit|interes^t}.{click|0pen|go} {now|here} {http://bit.ly/1Rooizy|http://bit.ly/1TRyq4B}
210_bopp_mr1lc23,"{Hello|Hi|Hey|} var_firstname, There is a {new|best|better} way {t0|2} build {ur|your} {bus1ness|emp1re} while {using|spend1ng} your time {w/|w1th} {family|loved ones} {click|0pen|go} {now|here} {http://bit.ly/1SfhPYY|http://bit.ly/1V2OaQu}"
210_bopp_mr1lc24,{Hi|Hell0} var_firstname. {See|View} {when|how} you can {ma^k3|generate} th1s {s1mple|step by step} {gu1de|train1ng|progra+m} that will give y0u the {life|lifestyle|luxury} y0u {really|truly} deserve. {click|0pen|go} {now|here} {http://bit.ly/1TbRISH|http://bit.ly/1PN6TQ9}
210_bopp_mr1lc25,"{Hello|Hey|} var_firstname, {This|Here} is an {example|overl00k|summary} of h0w y0u can use the {net|inter^et|progr^m} to {0pen|beg1n} a {busi1ness|c0mpany} {in|at} the c0mforts of {ur house|home}. {click|0pen|go} {now|here} {http://bit.ly/1mrDCi4|http://bit.ly/1TbRR8L}"
210_bopp_mr1lc26,{Hello|Hi|Hey|} We are exclusively 0ffer1ng {chosen|qualified|some} {people|individuals|members} to {partake|j0in|en+er} this limited {pr0gr^m|busi^ess} offered until {slots|0penings|availabilities} last. {click|0pen|go} {now|here} {http://bit.ly/1PN76Ts|http://bit.ly/20KrSKu}
210_bopp_mr1lc27,{Hello|Hi|Hey|} var_firstname Are y0u still {curious|interested|ready} to w0rk f0r y0urself? {See|Check|Analyze} out th1s newly appr0ved {me+hod|syst3m} {keeping|helping} {hundreds of|multiple} {pe0ple|f0lks} to be {w0rking|based} at h0me. {click|0pen|go} {now|here} {http://bit.ly/1SHwWL8|http://bit.ly/1O2pMJ6}
210_bopp_mr1lc28,{Interested|Curi0us} ab0ut {h0w|why} {hundreds|thousands} of {pe0ple|them} have started using th1s {pr0gr^m|s^stem} at h0me? {Understand|See|View} {h0w|why} and y0u {will|m1ght} make use of it {2|too} {click|0pen|go} {now|here} {http://bit.ly/1PkgFYj|http://bit.ly/20UNvUV}
210_bopp_mr1lc29,var_firstname The 9-5 {cycle|workfl0w|w0rkday} is n0 l0nger the {usual|typical|repeated} {weekday|week} for these {members|ppl|f0lks} wh0 have made use of th1s {pr1nt|plan|gameplan}. {Open|Available} at ur {locati0n|area} {click|0pen|go} {now|here} {http://bit.ly/1Lg88ls|http://bit.ly/1XhERxC}
210_bopp_mr1lc30,"Goodday, {Bored|Tired} with the cycle of a {repeated|repetitive} {9+5|9-5}, var_firstname? If yes, th1s is {made|definitely|created} {4|f0r} {you|u}. Say {g00dbye|so long} to l0ng {trips|commutes|workdays}. {click|0pen|go} {now|here} {http://bit.ly/20KsAHz|http://bit.ly/1PN7vVG}"
210_bopp_mr1lc31,{Hello|Hey} Ready to {venture in|0perate|join} th1s {s1mple|deta1led} {sh0wcase|pr0gram} {0fferi1ng|sh0wing} y0u {h0w|when} s0me have quit the {m-f|9-5} {workcycle|cycle|hustle}. {click|0pen|go} {now|here} {http://bit.ly/1KbcqQe|http://bit.ly/1KbcwqV}
210_bopp_mr1lc32,"A {m0ment|t1me} {to|2} have a {w0nderful|reward1ng} {2016|year}. {Financial|M0net^ry} opportunities are {present|available} {selected|solely} f0r {y0u|u}. This is {it|for you}, var_firstname! {click|0pen|go} {now|here} {http://bit.ly/1PBIj18|http://bit.ly/1mrESl3}"
210_bopp_mr1lc33,{Hello|Hey|} We {share|give} y0u a {memorable|pr0sperous} year as we {0pen|spread} the {net's|web's} {best|top} {pr0gr^m|sys+em|blueprint} that's {easy|simple} to {understand|f0ll0w}. {click|go} {now|here} {http://bit.ly/1KEEfQM|http://bit.ly/1T6msDm}
210_bopp_mr1lc34,"{Hello|Hey} var_firstname, This {time|year}, we {0pen|share} {new|fresh} {chances|opportunities} to {th0se|members} in y0ur {location|area|vicinity}. Make {extra|s0me} {c^sh|m0n#y} {click|0pen|go} {now|here} {http://bit.ly/1QqGW51|http://bit.ly/1RoqS8M}"
210_bopp_mr1lc35,"{Hello|Hey|HOw r u?|Goodday} var_firstname, {Let|Allow|Permit} us to inform you, that y0ur {0pp0rtunity|chance} t0 {star+|beg1n|0pen} this venture will surely {prov1de|help|assist} your wants {&|n'} needs. {click|go|see} {today|here} {http://bit.ly/1RoqWVW|http://bit.ly/20UOq7J}"
210_bopp_mr1lc36,"{hello|hey|hi} var_firstname if {he|she} was able to {participate|j0in} and {allow|make|let} it {happen|w0rk|start} in a {few|couple|no.} of days, so could you! {View|See} and {click|0pen|go} {now|here} {http://bit.ly/1QUPbJj|http://bit.ly/20KtEuR}"
210_bopp_mr1lc37,"{Hello|Hey|Goodday} var_firstname, th1s {2016|year|quarter} it's time {t0|2} {w0rk|begin|start} and {build|collaborate} a {venure|busi^ness}, {simple|fast|easy} to do. {click|0pen|go} {now|here} {http://bit.ly/1TRAuJU|http://bit.ly/1nX7Ydb}"
210_bopp_mr1lc38,var_firstname Y0u {may|can} use this {pr0duct|w0rk|gu1de} from h0me {pr0gr^m|guideline|overvi3w} as our {b0nus|present|gift|grant} to y0u. A {w0nderful|reward1ng|succe$$ful} year {ahead|soon}. {click|0pen|go} {now|here} {http://bit.ly/1Pki3KD|http://bit.ly/1Q6Hcpu}
210_bopp_mr1lc39,var_firstname We {share|give|0ffer} y0u a {memorable|pr0sperous} {2016|year} as we {|intr0duce|br1ng|usher} the web's {best|top} {technique|pr0gram} that's {easy|simple} to {duplicate|f0ll0w}. {Cl1ck|Register} {now|here} {http://bit.ly/1Lg9Gf5|http://bit.ly/20UORyS}
210_bopp_mr1lc40,var_firstname Time to {think|talk|imagine} the {net's|web's|in+ernet's} {soluti0n|secret} available to {ppl|th0se|f0lks} who are interested to {beg1n|lead|launch} w0rk {at|from} {home|ur house}. {Go|Open|Unlock} {here|n0w} {http://bit.ly/1XhGnzM|http://bit.ly/1PN8i9e}
210_bopp_mr1lc41,"{Hi|hey|h3llo} var_firstname. H0w {gr8|awes0me|g00d} wud it be to net {20o,456|25o,121|23o,174} in a {year|yr}? This {simple|easy|casual} {me+th0d|technique|gu1de} {can|will} sh0w y0u. {See|View|0pen} {it|now} {http://bit.ly/1SHz3Pc|http://bit.ly/1nX8wQc}"
210_bopp_mr1lc42,"{Hey|How r u?|Hi|G00dday} var_firstname, Have you {seen|heard abt} this {gadget|equip.|kit} 2 start d0ing a {h0use|h0me} {0perated|located} {w0rk|bus1ness|j0b}? {click|0pen|go} {now|here} {at|@} {http://bit.ly/1TbTqU9|http://bit.ly/1nX8DeM}"
210_bopp_mr1lc43,var_firstname. You are ab0ut {to|2} get y0ur {head|hands} 0n th1s {new|launched|pristine} {tech|app} {easy|simple} 2 learn {but|yet} ready to change the {future|way} of {w0rk|a job|9-5}. {s+art|beg1n|0pen|enter} here {http://bit.ly/23WdQUX|http://bit.ly/1XhGJ9E}
210_bopp_mr1lc44,"{Hey|How r u?|Hi|G00dday} No boss {and|&|n'} {meetings|cold-calling|sales|commute}, var_firstname. {Prepare|Ready} to {launch|build} y0ur home-based bus1ness in a {sec0nd|jiffy}? See h0w simply by {g0ing to|checking|visit1ng} {now|here} {http://bit.ly/1TbTEuG|http://bit.ly/1QUQtnH}"
210_bopp_mr1lc45,{H1|#ell0|hey|goodday} var_firstname {want 2|want to|wanna} see h0w {1oos|1ooos} have {tried|used} th1s technol0gy w/in the c0mf0rts 0f a {h0me|couch?} Y0u can learn it's {simple|easy} {click|0pen|go} {now|here} {@|at} {http://bit.ly/20nZiJm|http://bit.ly/1V2Rvze}
210_bopp_mr1lc46,"There is {truly|really} a way t0 {get 0ut|escape|ex1t} the {nine to 5|9 to five|9-5}, var_firstname. {Internet|Technology|Computers} {make|made} it {simpler|easier}, we will {gu1de|sh0w} u {step by step|in stages|gradually} Enter {at|@} {http://bit.ly/1V2RBqx|http://bit.ly/1T6pqb4}"
210_bopp_mr1lc47,"{Hi|Heyy|Hell0} var_firstname, th1s {t1me|year|2016}, it's time to be {bl0wn away|bigger|better} with th1s {trusted|pr0ven} {6|7|5}figure {syst*m|pr*gram}.{See|Open|Click} the {pr0cess|steps} {at|@} {http://bit.ly/1T6pw2k|http://bit.ly/1Kbew2z}"
210_bopp_mr1lc48,"{Hey|How r u?|Hi|G00dday} var_firstname, be like 0ne of these {guys|girls|people|members} wh0 have {began|started} {utilizing|us1ng|applying|availing} th1s {pr0gram|meth0d|gu1de} . {View|Read|Review} it t0day. {View|See} {here|n0w} {http://bit.ly/1oqUIhw|http://bit.ly/1T6pK9K}"
210_bopp_mr1lc49,"{Hi|Hey|Hello|How r u?} var_firstname {starT|beg1n} {mak1ng|sav1n} an extra hundred {s0me|0r so} bucks a day,or {th0usands|m0re} if {y0u|u} {app1y|start|d0} these steps {click|0pen|go} {now|here} {http://bit.ly/1KEGBis|http://bit.ly/1Q6IBfw}"
210_bopp_mr1lc50,var_firstname still {re1ying|c0unt1ng|depending} on {your|ur} j0bs checks every {m0nth|cycle|payslip}? {App1y|F0ll0w|Use} this {guid3|p1an} {and|&} see {n0w|how} to 1eave your b0ss {click|0pen|go} {now|here} {http://bit.ly/1PkjEjJ|http://bit.ly/1Rouasx}
