212_bopp1_mr1lc1,{Hello|Hi|Hey|} We are exclusively 0ffer1ng {chosen|qualified|some} {people|individuals|members} to {partake|j0in|en+er} this limited {pr0gr^m|busi^ess} offered until {slots|0penings|availabilities} last. {click|0pen|go} {now|here} http://bit.ly/1o4Vv7w
212_bopp1_mr1lc2,{Hello|Hi|Hey|} var_firstname Are u {curious|interested|ready} 2 w0rk f0r Urself? {See|Check|Analyze} out th1s new {me+hod|syst3m} {keeping|helping} {hundreds of|multiple} {pe0ple|f0lks} 2 be {w0rking|based} @ h0me. {click|0pen|go} http://bit.ly/1TfMOUN
212_bopp1_mr1lc3,{Interested|Curi0us} abt {h0w|why} {hundreds|thousands} of {pe0ple|them} have started using th1s {pr0gr^m|s^stem} @ h0me? {Understand|See|View} {h0w|why} & y0u {will|m1ght} make use of it {2|too} {click|0pen|go} {now|here} http://bit.ly/1QZjM8x
212_bopp1_mr1lc4,var_firstname 9-5 {cycle|workfl0w|w0rkday} is n0 l0nger {usual|typical|repeated} {weekday|week} 4 these {members|ppl|f0lks} wh0 have made use of {pr1nt|plan|gameplan}. {Open|Available} @ ur {locati0n|area} {click|0pen|go} {now|here} http://bit.ly/1O62fqF
212_bopp1_mr1lc5,"Goodday {Bored|Tired} w/ the cycle of a {repeated|repetitive} {9+5|9-5}, var_firstname? If yes, th1s is {made|definitely|created} {4|f0r} {you|u}. Say {g00dbye|so long} 2 l0ng {trips|commutes|workdays}. {click|0pen|go} {now|here} http://bit.ly/1Pqlv6m"
212_bopp1_mr1lc6,{Hello|Hey} Ready to {venture in|0perate|join} th1s {s1mple|deta1led} {sh0wcase|pr0gram} {0fferi1ng|sh0wing} y0u {h0w|when} s0me have quit the {m-f|9-5} {workcycle|cycle|hustle}. {click|0pen|go} {now|here} http://bit.ly/1QZk8fB
212_bopp1_mr1lc7,"A {m0ment|t1me} {to|2} have a {w0nderful|reward1ng} {2016|year}. {Financial|M0net^ry} opportunities are {present|available} {selected|solely} f0r {y0u|u}. This is {it|for you}, var_firstname! {click|0pen|go} {now|here} http://bit.ly/20Ppdz9"
212_bopp1_mr1lc8,{Hello|Hey|} We {share|give} y0u a {memorable|pr0sperous} year as we {0pen|spread} the {net's|web's} {best|top} {pr0gr^m|sys+em|blueprint} that's {easy|simple} to {understand|f0ll0w}. {click|go} {now|here} http://bit.ly/1o4XZ5B
212_bopp1_mr1lc9,"{Hello|Hey} var_firstname, This {time|year}, we {0pen|share} {new|fresh} {chances|opportunities} to {th0se|members} in y0ur {location|area|vicinity}. Make {extra|s0me} {c^sh|m0n#y} {click|0pen|go} {now|here} http://bit.ly/1RuXePd"
212_bopp1_mr1lc10,"{Hello|Hey|HOw r u?|Goodday} var_firstname, {Let|Allow|Permit} us 2 inform U, that y0ur {0pp0rtunity|chance} 2 {star+|beg1n|0pen} this venture will {prov1de|help|assist} ure wants {&|n'} needs. {click|go|see} {today|here} http://bit.ly/1oweE2H"
212_bopp1_mr1lc11,"{hello|hey|hi} var_firstname if {he|she} was able to {participate|j0in} and {allow|make|let} it {happen|w0rk|start} in a {few|couple|no.} of days, so could you! {View|See} and {click|0pen|go} {now|here} http://bit.ly/1KJEOsD"
212_bopp1_mr1lc12,"{Hello|Hey|Goodday} var_firstname, th1s {2016|year|quarter} it's time {t0|2} {w0rk|begin|start} and {build|collaborate} a {venure|busi^ness}, {simple|fast|easy} to do. {click|0pen|go} {now|here} http://bit.ly/1TfNWYs"
212_bopp1_mr1lc13,var_firstname Y0u {may|can} use this {pr0duct|w0rk|gu1de} from h0me {pr0gr^m|guideline|overvi3w} as our {b0nus|present|gift|grant} to y0u. A {w0nderful|reward1ng|succe$$ful} year {ahead|soon}. {click|0pen|go} {now|here} http://bit.ly/1XmUiVo 
212_bopp1_mr1lc14,var_firstname We {share|give|0ffer} y0u a {memorable|pr0sperous} {2016|year} as we {|intr0duce|br1ng|usher} the web's {best|top} {technique|pr0gram} that's {easy|simple} to {duplicate|f0ll0w}. {Cl1ck|Register} {now|here} http://bit.ly/1Kf565S
212_bopp1_mr1lc15,var_firstname Time to {think|talk|imagine} the {net's|web's|in+ernet's} {soluti0n|secret} available to {ppl|th0se|f0lks} who are interested to {beg1n|lead|launch} w0rk {at|from} {home|ur house}. {Go|Open|Unlock} {here|n0w} http://bit.ly/1V7PWjB
212_bopp1_mr1lc16,"{Hi|hey|h3llo} var_firstname. H0w {gr8|awes0me|g00d} wud it be to net {20o,456|25o,121|23o,174} in a {year|yr}? This {simple|easy|casual} {me+th0d|technique|gu1de} {can|will} sh0w y0u. {See|View|0pen} {it|now} http://bit.ly/20PqFBv"
212_bopp1_mr1lc17,"{Hey|How r u?|Hi|G00dday} var_firstname, Have you {seen|heard abt} this {gadget|equip.|kit} 2 start d0ing a {h0use|h0me} {0perated|located} {w0rk|bus1ness|j0b}? {click|0pen|go} {now|here} {at|@} http://bit.ly/1Tc5h3v"
212_bopp1_mr1lc18,var_firstname. You are ab0ut {to|2} get y0ur {head|hands} 0n th1s {new|launched|pristine} {tech|app} {easy|simple} 2 learn {but|yet} ready to change the {future|way} of {w0rk|a job|9-5}. {s+art|beg1n|0pen|enter} here http://bit.ly/1QbmIlw
212_bopp1_mr1lc19,"{Hey|How r u?|Hi|G00dday} No boss {and|&|n'} {meetings|cold-calling|sales|commute}, var_firstname. {Prepare|Ready} to {launch|build} y0ur home-based bus1ness in a {sec0nd|jiffy}? See h0w simply by {g0ing to|checking|visit1ng} {now|here} http://bit.ly/1KJFGxi"
212_bopp1_mr1lc20,{H1|#ell0|hey|goodday} var_firstname {want 2|want to|wanna} see h0w {1oos|1ooos} have {tried|used} th1s technol0gy w/in the c0mf0rts 0f a {h0me|couch?} U can learn it's {simple|easy} {click|0pen|go} {now|here} {@|at} http://bit.ly/1Kf681O
212_bopp1_mr1lc21,"There is {truly|really} a way t0 {get 0ut|escape|ex1t} the {nine to 5|9 to five|9-5}, var_firstname. {Internet|Technology|Computers} {make|made} it {simpler|easier}, we will {gu1de|sh0w} u {step by step|in stages|gradually} Enter {at|@} http://bit.ly/1TfOKg2"
212_bopp1_mr1lc22,"{Hi|Heyy|Hell0} var_firstname, th1s {t1me|year|2016}, it's time to be {bl0wn away|bigger|better} with th1s {trusted|pr0ven} {6|7|5}figure {syst*m|pr*gram}.{See|Open|Click} the {pr0cess|steps} {at|@} http://bit.ly/1TfONZo"
212_bopp1_mr1lc23,"{Hey|How r u?|Hi|G00dday} var_firstname, be like 0ne of these {guys|girls|people|members} wh0 have {began|started} {utilizing|us1ng|applying|availing} th1s {pr0gram|meth0d|gu1de} . {View|Read|Review} it t0day. {View|See} {here|n0w} http://bit.ly/1V7RqtX"
212_bopp1_mr1lc24,"{Hi|Hey|Hello|How r u?} var_firstname {starT|beg1n} {mak1ng|sav1n} an extra hundred {s0me|0r so} bucks a day,or {th0usands|m0re} if {y0u|u} {app1y|start|d0} these steps {click|0pen|go} {now|here} http://bit.ly/1mw14um "
212_bopp1_mr1lc25,var_firstname still {re1ying|c0unt1ng|depending} on {your|ur} j0bs checks every {m0nth|cycle|payslip}? {App1y|F0ll0w|Use} this {guid3|p1an} {and|&} see {n0w|how} to 1eave your b0ss {click|0pen|go} {now|here} http://bit.ly/240pK0h
