217_mr8bizopp1,{Hey|Hi} var_firstname {See|Check out} this {new|current|latest} {exciting|impressive|thrilling} b^usiness {pr0gram|tra1ning} that will make you {earn|gain|get} {mon#y|c^sh} while at home. By {View|cl1ck|g0} here http://bit.ly/1Ws9Cin
217_mr8bizopp2,var_firstname a {new|fresh} {simple|easy} but {great|huge} {chance|opportunity} to {start|beg1n} ur {j0b|w0^rk} @ h0me: this {venture|endeavor} will {pave|beg1n} your gameplan. {0pen|go} {now|here} http://bit.ly/1Qmtdf9
217_mr8bizopp3,"{How r u?|How's it goin?} var_firstname, we would like to {share|show|give} this {vibrant|dynamic|striking} {sys+em|lpr0gram|set-up} that allows y0u t0 {w0rk|act} only f0r {a few|3|2} hrs/day. {Register|Apply} {now|here} http://bit.ly/1QmtwXu"
217_mr8bizopp4,var_firstname this {new|advanced|latest} but {s1mple|basic|easy} gu1de will {help|advice} you 0n h0w t0 {s+art|beg1n} y0ur w0rk {at|@} h0me & {enhance|boost} it to the fullest. {click|0pen|go} {go|now|here} http://bit.ly/1QmtZJd
217_mr8bizopp5,{How r u?|How's it goin?|Good day} We are {sharing|distributing} an opportunity {on|about|covering} how you can be {able|adept|capable} to be {empl0yed|w0rking} @ {h0me|ur couch}! {click|0pen|go} {now|here} http://bit.ly/21993NO
217_mr8bizopp6,"{Hey|Hi} var_firstname, we {give|deliver|share|open} a {great|huge|extreme} {opportunity|chance},offering the {comfort|pleasure} of work1ng at home to {members|associates} willing to learn. {click|0pen|go} {now|here} http://bit.ly/1oKBDqH"
217_mr8bizopp7,{Hey|Hi} var_firstname it's the {time|day} to {be better|improve} with h0me-lbased {bus1ness|career|empl0yment}. This {progr^m|curriculum|plan} will {help|advice|support} your venture. {click|0pen|go} {now|here} http://bit.ly/1QmuOSa
217_mr8bizopp8,"{Hey|Hi} var_firstname Be on point w/the {game|agenda}, {earn|gain} {m'0ney|c^ash} while at home w/this {easy|simple} way to {read|learn}, {bit by bit|step by step}. {Overview|Summary|Description} {here|at|@} http://bit.ly/1Xyh8tj"
217_mr8bizopp9,"{Hey|Hi} var_firstname {Get|Grab} this chance to {boost|advance|step-up} your {1ncome|e^arnings}, it's {simply|sincerely} {amazing|awesome}, {teaching|training|instruction} {without|w/o} pressure. {See|Learn|Check} more http://bit.ly/1oKCHLl"
217_mr8bizopp10,{Hey|Hi} var_firstname {Yahoo|Hooray|Yey}! your {growth|life} with {new|latest|current} improved {blueprint|module} is {sm00th|baslc|easy}. We {assist|guide} you on how to gain {inc0me|c^ash} while at home. {Go|Here} http://bit.ly/1PGpufd
217_mr8bizopp11,"{Hello|Good day} var_firstname this is {crazy|insane|huge|awesome}, even if you're {new|beginning|fresh} in this {trade|industry|biz}, you can {learn|read|train} & {earn|gain|get} too by simply {clicking|checking} this out http://bit.ly/1Vo0hrz"
217_mr8bizopp12,"{Hey|Hi} var_firstname {Take|Get|Catch} a hold of this {0pp0rtun1ty|cha^nce|m0ment} to make {m¤ney|¢ash} at home, by {reviewing|learning} this {training|procedure|þr0gram}, we {support|guide} 24/7. {Go|See|View} http://bit.ly/1oKDFHn"
217_mr8bizopp13,{Hey|Hi} var_firstname {Shape|Mold|Build} your {life|world} on this great {evolution|growth|progression} w/the {internet|net|cyberweb} work1ng for you. A {guide|tra1ning|module} made {easy|s1mple} {@|here} http://bit.ly/1QlugSV
217_mr8bizopp14,"{Hey|Hi} var_firstname {Time|Future} is {valuable|precious}, why {waste|spend|expend} it {toiling|laboring} 4 {0thers|a boss}? {Turn on|Work up} your {laptop|computer}, earn even as a {newbie|beginner}. {Go|Here} http://bit.ly/1Wsd0tJ"
217_mr8bizopp15,"{Hey|Hi} var_firstname {Break|Quit} the habit, {try|pop|check} this new innovative {pr0gr^am|deal|þlan|system} for home-based {newbies|beginners|newcomers}. We'll {help|assist|guide} you. {Click|Check} for {info|details} http://bit.ly/1KX29XX"
217_mr8bizopp16,{Hey|Hi} var_firstname Ever {hear|know|learn|see} a {rich|wealthy|made} {man|person} big by being {hired|employed}? The {net|web} & this {pr0^gram|bus1ness|deal} shows u can w0rk for urself. {Go|Here} http://bit.ly/1oKF7ti
217_mr8bizopp17,"{Hey|Hi} var_firstname {Time|Freedom|Living} is {possible|achievable|desirable}, {earn|gain} {inc0me|cas^h|mꝋney} by following this {stepbystep|guided} {blueprint|module}. {Beginners|Newbies} are {welcome|accepted} See @ http://bit.ly/1TrexSI"
217_mr8bizopp18,"{Hey|Hi} var_firstname Stop {wishing|dreaming|hoping|imagining} a {better|great} future and {let|make} it happen, even a {newbie|beginner|freshman} can do this {simple|easy} {procedure|sys+em|technique} {Guide|Module} @ http://bit.ly/1Q20S29"
217_mr8bizopp19,var_firstname {Life|Days} can be {promising|bright|exciting|encouraging} when you {get|obtain|have} this {chance|opportunity} to {study|learn} how to have a {sideline|2nd j0b} by {w0rk|empl0yment} {@|at} home. {Go|Here} http://bit.ly/1WsfyaZ
217_mr8bizopp20,"var_firstname We {know|recognize|perceive} you don’t want to be left{out|behind|alone}, {study|read|learn} how to {constitute|create|make} your {2nd job|sideline} on the {cyberspace|net|internet}. {See|Go|Here} http://bit.ly/1QlwmCf"
217_mr8bizopp21,"var_firstname If you {can|could|would} {read|learn|know}, this {new|latest|advanced} {ṩyṩtem|ṗrogrạm|cạrẹẹr} to {gạin|mạke} {ṁọnẹy|c@sh} is for you. {Feel|Be} free to {understand|comprehend} how at http://bit.ly/1U8DCBb"
217_mr8bizopp22,"{Hey|Hi} var_firstname {Spend|Use|Utilize} your {day|time} working for {nobody|y0urself|no b0ss}, it´s {basic|straightforward|manageable}. Together w/the {net|web} a {step by step|bit by bit} {guide|template|instruction|procedure} here at http://bit.ly/1KX4D8x"
217_mr8bizopp23,"var_firstname {launch|jumpstart|start|begin} your {life|future|worklife} by {applying|registering|seeing} w/this {ṩyṩtem|ṗrogrạm|cạrẹẹr}, u'll be surprised it´s that {easy|simple|plain}. {Go|See|View} {at|@} http://bit.ly/1Q219SB"
217_mr8bizopp24,"{Hey|Hi} var_firstname {Enroll|Apply|Register} to {get|obtain|have} a {ṩyṩtem|ṗrogrạm|cạrẹẹr} 4 {extra|additional|added} income, it doesn't need to be {hard|exhausting|tough}. {See|Go|Here} http://bit.ly/1Sznqt6"
217_mr8bizopp25,"{Hey|Hi|Hello} var_firstname {Great|Good} things {come|happen} to those who {grab|seize} {chance|opportunity}, this is {easy|quick} to {operate|understand|master} Now in your {area|locality} {Click|Check} http://bit.ly/1or9PIc"
