219_bop2_1,"var_firstname, it's the {time|chance|moment} to be {bl0wn|swept|blasted} away as we get {bigger|better} & faster with th1s {trusted|pr0ven|rel1able|fa1thful} sys+em. You can {star+|begin|get on it} {click|0pen|go} {now|here} http://bit.ly/1UbvFLt"
219_bop2_2,"var_firstname, y0u have {0ne|1} {unread|un0pened|s1tting|waiting} {message|msg} in y0ur {acc0unt|mail|email} {See|Open|Read} bef0re it {expires|lapses|voids}. {Cl1ck|G0|Check} @ http://bit.ly/1mLi147"
219_bop2_3,"var_firstname {star+|beg1n} {maki'ng|savi'ng} an {extra|added} {1oo|hundred|hu^dred} {s0me|0r so} {c^sh|bucks} a day,or {th0usands|m0re|bett3r} if {y0u|u} {app1y|start|d0} these steps: http://bit.ly/1ow4Wxu"
219_bop2_4,var_firstname Still {re1ying|c0unt1ng|depend1ng} on y0ur {checks|cheques|paysli^p} every m0nth? {App1y|F0ll0w|Use|Try|Start} this {guid3|p1an|app} {and|&} see how to {gradually|sl0wly} shift y0ur w0rk! {click|0pen|go} http://bit.ly/1LwqwXn
219_bop2_5,var_firstname A {fresh|n3w|bright} future {earn1ng|mak1ng|c^ash1ng|keep1ng} more {everyday|daily|weekly|monthly} doing exactly just THIS on y0ur {laptop|computer|desktop|ph0^ne} {See|Learn|Visit} & {do|act} http://bit.ly/1RSIg5K
219_bop2_6,{Hi|Hey} var_firstname The {9+5|9-5} {day|fl0w|wo^rk} is {done|gone} for these {members|ppl|f0lks} wh0 have used this {bluepr1nt|gameplan}. {Open|Available|Invites} at ur {locati0n|area} {now|here} http://bit.ly/20HVEds
219_bop2_7,"{Bored|Tired} with the {9+5|9-5} {j0b|w0rk}, var_firstname? If yes, th1s is {made|definitely|created} f0r {you|u}. Say {g00dbye|so long} to l0ng {trips|commutes|workdays}. {click|0pen|go} {now|here} http://bit.ly/1TtF55G"
219_bop2_8,Ready to {venture in|0perate|join} th1s {s1mple|deta1led} {sh0wcase|pr0gram} {0fferi1ng|sh0wing} y0u {h0w|when} s0me have quit the {m-f|9-5} {workcycle|cycle|hustle}. {click|0pen|go} {now|here} http://bit.ly/1Rbxaqk
219_bop2_9,"A {m0ment|t1me} to have a {w0nderful|reward1ng} {2016|year}. {Financial|M0net^ry} opportunities are {present|available} {selected|solely} f0r {y0u|u}. This is {it|for you}, var_firstname! {click|0pen|go} {now|here} http://bit.ly/1LwqJK1"
219_bop2_10,We {share|give} y0u a {memorable|pr0sperous} year as we {0pen|spread} the {net's|web's} {best|top} {pr0gr^m|sys+em|blueprint} that's {easy|simple} to {understand|f0ll0w}. {click|go} {now|here} http://bit.ly/1SDvo4s
219_bop2_11,"var_firstname If you {can|could|would} {read|learn|know}, this {new|latest|advanced} {ṩyṩtem|ṗrogrạm|cạrẹẹr} to {gạin|mạke} {ṁọnẹy|c@sh} is for you. {Feel|Be} free to {understand|comprehend} how at http://bit.ly/1oOiLXW"
219_bop2_12,"{Hey|Hi} var_firstname {Spend|Use|Utilize} your {day|time} working for {nobody|y0urself|no b0ss}, it´s {basic|straightforward|manageable}. Together w/the {net|web} a {step by step|bit by bit} {guide|template|instruction|procedure} here at http://bit.ly/1XB4idP"
219_bop2_13,"var_firstname {launch|jumpstart|start|begin} your {life|future|worklife} by {applying|registering|seeing} w/this {ṩyṩtem|ṗrogrạm|cạrẹẹr}, u'll be surprised it´s that {easy|simple|plain}. {Go|See|View} {at|@} http://bit.ly/1KYHkvd"
219_bop2_14,"{Hey|Hi} var_firstname {Enroll|Apply|Register} to {get|obtain|have} a {ṩyṩtem|ṗrogrạm|cạrẹẹr} 4 {extra|additional|added} income, it doesn't need to be {hard|exhausting|tough}. {See|Go|Here} http://bit.ly/1TtFUvt"
219_bop2_15,"{Hey|Hi|Hello} var_firstname {Great|Good} things {come|happen} to those who {grab|seize} {chance|opportunity}, this is {easy|quick} to {operate|understand|master} Now in your {area|locality} {Click|Check} http://bit.ly/1Oj0ab5"
219_bop2_16,{Hey|Hi} var_firstname it's the {time|day} to {be better|improve} with h0me-lbased {bus1ness|career|empl0yment}. This {progr^m|curriculum|plan} will {help|advice|support} your venture. {click|0pen|go} {now|here} http://bit.ly/1TpDe0r
219_bop2_17,"{Hey|Hi} var_firstname Be on point w/the {game|agenda}, {earn|gain} {m'0ney|c^ash} while at home w/this {easy|simple} way to {read|learn}, {bit by bit|step by step}. {Overview|Summary|Description} {here|at|@} http://bit.ly/1orV3QO"
219_bop2_18,"{Hey|Hi} var_firstname {Get|Grab} this chance to {boost|advance|step-up} your {1ncome|e^arnings}, it's {simply|sincerely} {amazing|awesome}, {teaching|training|instruction} {without|w/o} pressure. {See|Learn|Check} more http://bit.ly/1QNbDle"
219_bop2_19,{Hey|Hi} var_firstname {Yahoo|Hooray|Yey}! your {growth|life} with {new|latest|current} improved {blueprint|module} is {sm00th|baslc|easy}. We {assist|guide} you on how to gain {inc0me|c^ash} while at home. {Go|Here} http://bit.ly/1LwrAuk
219_bop2_20,"{Hello|Good day} var_firstname this is {crazy|insane|huge|awesome}, even if you're {new|beginning|fresh} in this {trade|industry|biz}, you can {learn|read|train} & {earn|gain|get} too by simply {clicking|checking} this out http://bit.ly/24dD4ys"
