828,828 Messages
828_12_a,Hi var_firstname {Quit|Leave} your {job|work} {after|in} {43|37|64} hours {See|View} our guide. Get yours {today|now} Click Here http://tr.im/12guide regards.{text|txt} stop 2 optout
828_12_b,Hey var_firstname {Make|earn} {money|cash} from your {phone|cell} in {62|3|58} hours.Verified {wealth|income} Don't wait {click|Go} here http://tr.im/12forward regards.txt stop {to|2}.optout
828_12_c,Hey var_firstname {Start|Begin} working {from|at} home {in|after} {31|45|5} {hours|days}.Verified income Learn how {Click|Go} here http://tr.im/12apex {thankU|thanks}.txt stop to.optout
828_12_d,Hey var_firstname {Quit|Leave} your {job|work} {after|in} {6|32|47} days.After {viewing|watching} this {Watch|View} the video now http://tr.im/12host {regards|thanks}.txt stop 2.optout
828_12_e,Hello var_firstname {Start|Begin} working {from|at} home {in|after} {34|4|7} {hours|days}.Verified income {Discover|Learn} how go here now http://tr.im/12cashback thanks.txt stop {to|2}.optout
828_76_a,Hi var_firstname {Make|earn} {money|cash} from your {phone|cell} in {29|44|12} days {using|with} this system {Free|View} info Click Here http://tr.im/76bucks thanks.{text|txt} stop 2 optout
828_76_b,Hello var_firstname {Begin|Get} {earning|working} {from|at} home after {37|51|9} days. Use our {plan|system} {GO|Click} Here http://tr.im/76company thanku.{text|txt} stop to optout
828_76_c,Hey var_firstname {Leave|Fire} your {boss|manager} {after|in} {28|32|29} days.{Gauranteed|Verified} Find out how {Click|Go} here http://tr.im/76bold thanku.{text|txt} stop 2 optout
828_76_d,Hey var_firstname {Start|Get} your {own|new} {business|company} in {21|39|14} days.Using {this|our} system. Free {info|guide} Click Here http://tr.im/76indeed thanku. {text|txt} stop 2.optout
828_76_e,Hello var_firstname My {sister|mom} {left|quit} her {job|work} in {40|13|26} hours {View|See} our guide. Find out how {Click|Go} here http://tr.im/76ethical thanku reply stop {2|to} optout
828_77_a,Hi var_firstname {Begin|Get} {earning|working} {from|at} home after {45|45|68} days.Verified {income|wealth} Free {info|guide} Click Here http://tr.im/77willbe {thanku|thanks}.txt stop 2.optout
828_77_b,Hey var_firstname {Work|earn} {from|using} {your|a} cell phone in {58|46|9} {days|hours}.Using our system Find out {how|now} Click here http://tr.im/77squeeze thanks.{text|txt} stop to optout
828_77_c,Hello var_firstname {Begin|Start} {working|earning} for {yourself|you} in {4|20|53} days. {Use|Using} our plan {Click|Go} here now http://tr.im/77cast thanks.{text|txt} stop to optout
828_77_d,Hey var_firstname {Begin|Start} {working|earning} for {yourself|you} in {21|21|68} days {with|using} this system Find out {how|now} Click here http://tr.im/77kind regards {text|reply} stop to optout
828_77_e,Hi var_firstname {Quit|Leave} your {job|work} {after|in} {29|28|57} hours {See|View} our guide. Get yours {today|now} Click Here http://tr.im/77finish regards.{text|txt} stop 2 optout
828_78_a,Hi var_firstname {Start|Begin} working {from|at} home {in|after} {15|20|32} days.After {viewing|watching} this Don't wait {click|Go} here http://tr.im/78tickets thanku.txt stop {to|2}.optout
828_78_b,Hey var_firstname {Start|Begin} working {from|at} home {in|after} {25|48|8} days. {Use|Using} our plan Find out how {Click|Go} here http://tr.im/78change thanks.{text|txt} stop to optout
828_78_c,Hey var_firstname {Leave|Fire} your {boss|manager} {after|in} {11|39|34} hours {View|See} our guide. Find out {how|now} Click here http://tr.im/78wheel thanku reply stop {to|2} optout
828_78_d,Hi var_firstname {Leave|Fire} your {boss|manager} {after|in} {24|2|60} days.After {watching|checking} this Learn how {Click|Go} here http://tr.im/78jams regards. {text|txt} stop 2.optout
828_78_e,Hello var_firstname {Quit|Leave} your {job|work} {after|in} {2|44|14} days.After {watching|viewing} this Free {info|guide} Click Here http://tr.im/78digits thanku.{text|txt} stop 2 optout
828_79_a,Hi var_firstname {Start|Get} your {own|new} {business|company} in {35|20|39} days.After {viewing|watching} this Find out how {Click|Go} here http://tr.im/79chest {thanks|regards}.txt stop 2.optout
828_79_b,Hi var_firstname {Make|earn} {money|cash} from your {phone|cell} in {39|52|66} days.Verified {income|wealth} Start now {click|Go} here http://tr.im/79mentor {thanku|thanks}.txt stop 2.optout
828_79_c,Hey var_firstname {Begin|Get} {earning|working} {from|at} home after {43|50|56} days using {this|our} guide Start now {click|Go} here http://tr.im/79where thanks. {text|txt} stop 2.optout
828_79_d,Hello var_firstname My {sister|mom} {left|quit} her {job|work} in {30|65|44} hours {View|See} our guide. Find out how {Click|Go} here http://tr.im/79famous thanku reply stop {2|to} optout
828_79_e,Hello var_firstname {Begin|Start} {working|earning} for {yourself|you} in {3|58|6} days. {Use|Using} our plan {Click|Go} here now http://tr.im/79believe thanks.{text|txt} stop to optout
828_80_a,Hey var_firstname {Quit|Leave} your {job|work} {after|in} {62|24|3} days.Once you {watch|see} this Learn how {Click|Go} here http://tr.im/80giant thanku.{text|txt} stop to optout
828_80_b,Hey var_firstname {Make|earn} {money|cash} from your {phone|cell} in {42|27|41} {days|hours}.Using our system {Click|Go} here now http://tr.im/80rescued thanks.{text|txt} stop to optout
828_80_c,Hey var_firstname {Earn|Live} off your {phone|cell} {after|in} {3|14|16} hours {See|View} our guide. {Discover|Learn} how go here now http://tr.im/80last regards.{text|txt} stop 2 optout
828_80_d,Hello var_firstname {Work|earn} {from|using} {your|a} cell phone in {7|31|31} days using {our|this} guide {Click|Go} here now http://tr.im/80interest regards.{text|txt} stop 2 optout
828_80_e,Hey var_firstname {Begin|Start} {working|earning} for {yourself|you} in {36|45|23} days.{Gauranteed|Verified} Start now {click|Go} here http://tr.im/80admins thanku.{text|txt} stop 2 optout
828_81_a,Hello var_firstname {Start|Get} your {own|new} {business|company} in {66|20|33} days.{Gauranteed|Verified} Don't wait {click|Go} here http://tr.im/81sealed thanks reply stop {to|2} optout
828_81_b,Hello var_firstname My {sister|mom} {left|quit} her {job|work} in {18|12|2} days using {our|this} guide {Learn|See} how Click here http://tr.im/81pleased regards.{text|txt} stop 2 optout
828_81_c,Hey var_firstname {Start|Begin} working {from|at} home {in|after} {4|54|7} days {using|with} this system Don't wait {click|Go} here http://tr.im/81mail thanks.{text|txt} stop 2 optout
828_81_d,Hey var_firstname {Earn|Live} off your {phone|cell} {after|in} {53|63|39} days {with|using} this system Start now {click|Go} here http://tr.im/81easily regards reply stop {to|2} optout
828_81_e,Hello var_firstname {Begin|Start} {working|earning} for {yourself|you} in {39|40|20} days. Use our {plan|system} Get yours {today|now} Click Here http://tr.im/81gesture thanku.{text|txt} stop to optout
828_82_a,var_firstname {Earn|Live} off your {phone|cell} {after|in} {21|38|40} days using {this|our} guide Learn how {Click|Go} here http://tr.im/82repeat thanks. {text|txt} stop 2.optout
828_82_b,Hello var_firstname {Start|Begin} working {from|at} home {in|after} {57|5|20} days.After {watching|checking} this {GO|Click} Here http://tr.im/82getsome regards. {text|txt} stop 2.optout
828_82_c,var_firstname {Begin|Start} {working|earning} for {yourself|you} in {59|24|54} days.Using our {system|guide}. {Click|Go} here now http://tr.im/82host thanks.{text|txt} stop 2 optout
828_82_d,Hi var_firstname {Earn|Live} off your {phone|cell} {after|in} {30|8|60} days using {our|this} guide Find out {how|now} Click here http://tr.im/82deep regards.{text|txt} stop 2 optout
828_82_e,Hello var_firstname {Earn|Live} off your {phone|cell} {after|in} {19|3|19} days using {this|our} guide Free {info|guide} Click Here http://tr.im/82ford thanks. {text|txt} stop 2.optout
828_83_a,Hi var_firstname {Start|Begin} working {from|at} home {in|after} {30|68|32} days.Using our {system|guide}. Start now {click|Go} here http://tr.im/83night thanks.{text|txt} stop 2 optout
828_83_b,Hello var_firstname {Make|earn} {money|cash} from your {phone|cell} in {7|44|39} days using {this|our} guide See how to {retire|earn} now http://tr.im/83checks thanks. {text|txt} stop 2.optout
828_83_c,Hello var_firstname My {sister|mom} {left|quit} her {job|work} in {16|61|22} days.After {watching|viewing} this Don't wait {click|Go} here http://tr.im/83army thanku.{text|txt} stop 2 optout
828_83_d,Hello var_firstname {Start|Begin} working {from|at} home {in|after} {43|66|34} {hours|days}.Verified income {Discover|Learn} how go here now http://tr.im/83hope thanks.txt stop {to|2}.optout
828_83_e,Hey var_firstname {Earn|Live} off your {phone|cell} {after|in} {67|3|35} days.After {watching|viewing} this See how to {retire|earn} now http://tr.im/83every thanku.{text|txt} stop 2 optout
828_84_a,Hi var_firstname {Work|earn} {from|using} {your|a} cell phone in {11|5|66} days {with|using} this system {Learn|See} how Click here http://tr.im/84portal {thanks|regards} reply stop to optout
828_84_b,Hey var_firstname {Begin|Start} {working|earning} for {yourself|you} in {25|56|58} days using {this|our} guide {GO|Click} Here http://tr.im/84method thanks. {text|txt} stop 2.optout
828_84_c,Hello var_firstname {Begin|Get} {earning|working} {from|at} home after {21|58|5} days {with|using} this system Learn how {Click|Go} here http://tr.im/84book regards {reply|text} stop to optout
828_84_d,Hey var_firstname {Begin|Start} {working|earning} for {yourself|you} in {37|24|26} days {using|with} this system Free {info|guide} Click Here http://tr.im/84income thanks.{text|txt} stop 2 optout
828_84_e,Hi var_firstname {Quit|Leave} your {job|work} {after|in} {26|65|47} hours.Using our {system|guide} Don't wait {click|Go} here http://tr.im/84dishing regards.{text|txt} stop to optout
828_85_a,Hey var_firstname {Work|earn} {from|using} {your|a} cell phone in {19|9|9} days {using|with} this system Find out how {Click|Go} here http://tr.im/85timing thanks.{text|txt} stop 2 optout
828_85_b,Hello var_firstname {Begin|Start} {working|earning} for {yourself|you} in {29|55|63} days.Verified {income|wealth} Don't wait {click|Go} here http://tr.im/85station {thanku|thanks}.txt stop 2.optout
828_85_c,Hey var_firstname {Work|earn} {from|using} {your|a} cell phone in {38|11|3} hours.Using our {system|guide} {GO|Click} Here http://tr.im/85cell regards.{text|txt} stop to optout
828_85_d,Hello var_firstname My {sister|mom} {left|quit} her {job|work} in {8|44|30} hours {See|View} our guide. {Learn|See} how Click here http://tr.im/85kings regards.{text|txt} stop 2 optout
828_85_e,Hi var_firstname {Work|earn} {from|using} {your|a} cell phone in {14|55|68} days using {this|our} guide Don't wait {click|Go} here http://tr.im/85cashking thanks. {text|txt} stop 2.optout
828_86_a,Hi var_firstname My {sister|mom} {left|quit} her {job|work} in {25|25|42} hours.Using our {system|guide} See how to {retire|earn} now http://tr.im/86window regards.{text|txt} stop to optout
828_86_b,Hello var_firstname {Quit|Leave} your {job|work} {after|in} {22|37|18} days.After {watching|viewing} this Free {info|guide} Click Here http://tr.im/86respect thanku.{text|txt} stop 2 optout
828_86_c,Hi var_firstname {Earn|Live} off your {phone|cell} {after|in} {40|49|7} hours.Verified {wealth|cash} {GO|Click} Here http://tr.im/86whips {thanks|thankU}.txt stop 2.optout
828_86_d,Hello var_firstname {Begin|Get} {earning|working} {from|at} home after {50|14|52} days {using|with} this system {Watch|View} the video now http://tr.im/86leads thanks.{text|txt} stop 2 optout
828_86_e,Hello var_firstname {Earn|Live} off your {phone|cell} {after|in} {50|14|23} {days|hours}.Using our system Learn how {Click|Go} here http://tr.im/86benifit thanks.{text|txt} stop to optout
828_87_a,Hey var_firstname {Begin|Get} {earning|working} {from|at} home after {50|46|15} days using {our|this} guide {Free|View} info Click Here http://tr.im/87chips regards.{text|txt} stop 2 optout
828_87_b,Hello var_firstname {Start|Begin} working {from|at} home {in|after} {54|68|58} days.Using {this|our} system. {Free|View} info Click Here http://tr.im/87posture thanku. {text|txt} stop 2.optout
828_87_c,Hello var_firstname {Earn|Live} off your {phone|cell} {after|in} {14|13|57} days using {this|our} guide Free {info|guide} Click Here http://tr.im/87lead thanks. {text|txt} stop 2.optout
828_87_d,var_firstname {Work|earn} {from|using} {your|a} cell phone in {9|34|19} days. Use our {plan|system} {Learn|See} how Click here http://tr.im/87jamming thanku.{text|txt} stop to optout
828_87_e,Hey var_firstname {Start|Get} your {own|new} {business|company} in {9|31|54} {hours|days}.Verified income Find out {how|now} Click here http://tr.im/87extend {thanks|thankU}.txt stop to.optout
828_88_a,Hey var_firstname {Earn|Live} off your {phone|cell} {after|in} {8|46|33} days.After {watching|viewing} this See how to {retire|earn} now http://tr.im/88gifts thanku.{text|txt} stop 2 optout
828_88_b,Hi var_firstname {Work|earn} {from|using} {your|a} cell phone in {25|8|32} days {using|with} this system Get yours {today|now} Click Here http://tr.im/88glasses thanks.{text|txt} stop 2 optout
828_88_c,Hey var_firstname My {sister|mom} {left|quit} her {job|work} in {64|65|32} days.After {viewing|watching} this Get yours {today|now} Click Here http://tr.im/88free {thanks|thanku}.txt stop to.optout
828_88_d,Hi var_firstname {Make|earn} {money|cash} from your {phone|cell} in {28|6|43} days. {Use|Using} our plan Learn how {Click|Go} here http://tr.im/88instance thanks.{text|txt} stop to optout
828_88_e,Hey var_firstname {Work|earn} {from|using} {your|a} cell phone in {58|34|3} hours.Using our {system|guide} {GO|Click} Here http://tr.im/88divine regards.{text|txt} stop to optout
828_89_a,Hello var_firstname {Work|earn} {from|using} {your|a} cell phone in {42|61|50} hours.Verified {wealth|cash} Get yours {today|now} Click Here http://tr.im/89seateds {thankU|thanks}.txt stop 2.optout
828_89_b,Hi var_firstname My {sister|mom} {left|quit} her {job|work} in {27|66|34} hours.Verified {wealth|income} {Free|View} info Click Here http://tr.im/89freebie regards.txt stop {2|to}.optout
828_89_c,Hello var_firstname {Make|earn} {money|cash} from your {phone|cell} in {31|59|10} days using {our|this} guide Find out how {Click|Go} here http://tr.im/89whole regards.{text|txt} stop 2 optout
828_89_d,Hi var_firstname {Make|earn} {money|cash} from your {phone|cell} in {60|34|11} days. Use our {plan|system} Start now {click|Go} here http://tr.im/89fantastic thanku.{text|txt} stop to optout
828_89_e,Hello var_firstname {Start|Begin} working {from|at} home {in|after} {2|60|4} days.Using {this|our} system. {Free|View} info Click Here http://tr.im/89admire thanku. {text|txt} stop 2.optout
828_90_a,Hello var_firstname {Start|Get} your {own|new} {business|company} in {12|4|62} days.After {watching|viewing} this {Free|View} info Click Here http://tr.im/90polled thanku.{text|txt} stop 2 optout
828_90_b,Hi var_firstname {Quit|Leave} your {job|work} {after|in} {36|5|26} hours {View|See} our guide. {Click|Go} here now http://tr.im/90diddler thanku reply stop {to|2} optout
828_90_c,Hi var_firstname {Begin|Start} {working|earning} for {yourself|you} in {33|18|53} days.Using our {system|guide}. See how to {retire|earn} now http://tr.im/90mate thanks.{text|txt} stop 2 optout
828_90_d,Hello var_firstname {Begin|Get} {earning|working} {from|at} home after {60|61|30} days.Using {this|our} system. {Learn|See} how Click here http://tr.im/90featured thanku. {text|txt} stop 2.optout
828_90_e,Hey var_firstname {Start|Begin} working {from|at} home {in|after} {3|66|41} days. {Use|Using} our plan {Free|View} info Click Here http://tr.im/90bested thanks.{txt|text} stop to optout
828_91_a,Hey var_firstname {Start|Begin} working {from|at} home {in|after} {22|66|66} days. {Use|Using} our plan {Free|View} info Click Here http://tr.im/91toggle thanks.{txt|text} stop to optout
828_91_b,Hey var_firstname {Start|Get} your {own|new} {business|company} in {65|40|33} days.Using our {system|guide}. Get yours {today|now} Click Here http://tr.im/91mighty thanks.{text|txt} stop 2 optout
828_91_c,Hello var_firstname {Leave|Fire} your {boss|manager} {after|in} {2|3|39} days.After {viewing|watching} this {Free|View} info Click Here http://tr.im/91jobs {regards|thanks}.txt stop 2.optout
828_91_d,Hi var_firstname {Start|Begin} working {from|at} home {in|after} {63|51|66} days.Once you {watch|see} this Get yours {today|now} Click Here http://tr.im/91inner thanku.{text|txt} stop to optout
828_91_e,Hey var_firstname {Begin|Get} {earning|working} {from|at} home after {15|10|57} days using {this|our} guide Start now {click|Go} here http://tr.im/91forward thanks. {text|txt} stop 2.optout
828_92_a,Hello var_firstname {Start|Begin} working {from|at} home {in|after} {60|25|32} days.Verified {income|wealth} See how to {retire|earn} now http://tr.im/92winner {thanku|thanks}.txt stop 2.optout
828_92_b,Hello var_firstname {Start|Begin} working {from|at} home {in|after} {56|10|60} days.Using {this|our} system. {Watch|View} the video now http://tr.im/92chests thanku. {text|txt} stop 2.optout
828_92_c,Hey var_firstname {Make|earn} {money|cash} from your {phone|cell} in {38|23|30} hours.Verified {wealth|cash} {Learn|See} how Click here http://tr.im/92leep {thankU|thanks}.txt stop 2.optout
828_92_d,Hi var_firstname {Begin|Start} {working|earning} for {yourself|you} in {8|12|27} days.Using {this|our} system. Find out how {Click|Go} here http://tr.im/92honore thanku. {text|txt} stop 2.optout
828_92_e,Hi var_firstname {Earn|Live} off your {phone|cell} {after|in} {22|9|11} hours.Verified {wealth|cash} {GO|Click} Here http://tr.im/92giants {thanks|thankU}.txt stop 2.optout
828_93_a,Hi var_firstname {Leave|Fire} your {boss|manager} {after|in} {22|59|34} hours {See|View} our guide. {GO|Click} Here http://tr.im/93clear regards.{text|txt} stop 2 optout
828_93_b,Hey var_firstname {Work|earn} {from|using} {your|a} cell phone in {63|11|39} hours {View|See} our guide. {Watch|View} the video now http://tr.im/93sublime thanku {reply|text} stop to optout
828_93_c,Hey var_firstname {Start|Begin} working {from|at} home {in|after} {31|45|35} days.Verified {income|wealth} Start now {click|Go} here http://tr.im/93cert {thanks|thanku}.txt stop 2.optout
828_93_d,var_firstname {Start|Begin} working {from|at} home {in|after} {31|9|29} days.Once you {watch|see} this {GO|Click} Here http://tr.im/93deepcash thanku.{text|txt} stop to optout
828_93_e,Hey var_firstname {Work|earn} {from|using} {your|a} cell phone in {10|19|27} hours {View|See} our guide. {Watch|View} the video now http://tr.im/93happy thanku {reply|text} stop to optout
828_94_a,Hello var_firstname {Quit|Leave} your {job|work} {after|in} {14|3|48} days.After {watching|checking} this Find out {how|now} Click here http://tr.im/94goals regards. {text|txt} stop 2.optout
828_94_b,Hi var_firstname {Begin|Get} {earning|working} {from|at} home after {2|21|42} days. {Use|Using} our plan Find out {how|now} Click here http://tr.im/94resting thanks.{text|txt} stop to optout
828_94_c,Hello var_firstname {Start|Begin} working {from|at} home {in|after} {24|28|9} days.{Gauranteed|Verified} Find out {how|now} Click here http://tr.im/94fort thanku.{text|txt} stop 2 optout
828_94_d,Hello var_firstname {Earn|Live} off your {phone|cell} {after|in} {17|44|9} {days|hours}.Using our system Learn how {Click|Go} here http://tr.im/94easy thanks.{text|txt} stop to optout
828_94_e,Hi var_firstname {Make|earn} {money|cash} from your {phone|cell} in {3|50|48} days. Use our {plan|system} Start now {click|Go} here http://tr.im/94cashrich thanku.{text|txt} stop to optout
,
,
,
,
,
,
,
,
,
,
,
,
,
,
,
,
,
,
,
,
,
,
,
,
,
,
,
,
,
,
,
,
,
,
,
,
,
,
,
,
,
,
,
,
,
,
,
,
,
,
,
,
,
,
,
,
,
,
,
,
,
,
,
,
,
,
,
,
,
,
,
,
,
,
,
,
,
,
,
,
,
,
,
,
,
,
,
,
,
,
,
,
,
,
,
,
,
,
,
,
,
,
,
,
,
,
,
,
,
,
,
,
,
,
,
,
,
,
,
,
,
,
,
,
,
,
,
,
,
,
,
,
,
,
,
,
,
,
,
,
,
,
,
,
,
,
,
,
,
,
,
,
,
,
,
,
,
,
,
,
,
,
,
,
,
,
,
,
,
,
,
,
,
,
,
,
,
,
,
,
,
,
,
,
,
,
,
,
,
,
,
,
,
,
,
,
,
,
,
,
,
,
,
,
,
,
,
,
,
,
,
,
,
,
,
,
,
,
,
,
,
,
,
,
,
,
,
,
,
,
,
,
,
,
,
,
,
,
,
,
,
,
,
,
,
,
,
,
,
,
,
,
,
,
,
,
,
,
,
,
,
,
,
,
,
,
,
,
,
,
,
,
,
,
,
,
,
,
,
,
,
,
,
,
,
,
,
,
,
,
,
,
,
,
,
,
,
,
,
,
,
,
,
,
,
,
,
,
,
,
,
,
,
,
,
,
,
,
,
,
,
,
,
,
,
,
,
,
,
,
,
,
,
,
,
,
,
,
,
,
,
,
,
,
,
,
,
,
,
,
,
,
,
,
,
,
,
,
,
,
,
,
,
,
,
,
,
,
,
,
,
,
,
,
,
,
,
,
,
,
,
,
,
,
,
,
,
,
,
,
,
,
,
,
,
,
,
,
,
,
,
,
,
,
,
,
,
,
,
,
,
,
,
,
,
,
,
,
,
,
,
,
,
,
,
,
,
,
,
,
,
,
,
,
,
,
,
,
,
,
,
,
,
,
,
,
,
,
,
,
,
,
,
,
,
,
,
,
,
,
,
,
,
,
,
,
,
,
,
,
,
,
,
,
,
,
,
,
,
,
,
,
,
,
,
,
,
,
,
,
,
,
,
,
,
,
,
,
,
,
,
,
,
,
,
,
,
,
,
,
,
,
,
,
,
,
,
,
,
,
,
,
,
,
,
,
,
,
,
,
,
,
,
,
,
,
,
,
,
,
,
,
,
,
,
,
,
,
,
,
,
,
,
,
,
,
,
,
,
,
,
,
,
,
,
,
,
,
,
,
,
,
,
,
,
,
,
,
,
,
,
,
,
,
,
,
,
,
,
,
,
,
,
,
,
,
,
,
,
,
,
,
,
,
,
,
,
,
,
,
,
,
,
,
,
,
,
,
,
,
,
,
,
,
,
,
,
,
,
,
,
,
,
,
,
,
,
,
,
,
,
,
,
,
,
,
,
,
,
,
,
,
,
,
,
,
,
,
,
,
,
,
,
,
,
,
,
,
,
,
,
,
,
,
,
,
,
,
,
,
,
,
,
,
,
,
,
,
,
,
,
,
,
,
,
,
,
,
,
,
,
,
,
,
,
,
,
,
,
,
,
,
,
,
,
,
,
,
,
,
,
,
,
,
,
,
,
,
,
,
,
,
,
,
,
,
,
,
,
,
,
,
,
,
,
,
,
,
,
,
,
,
,
,
,
,
,
,
,
,
,
,
,
,
,
,
,
,
,
,
,
,
,
,
,
,
,
,
,
,
,
,
,
,
,
,
,
,
,
,
,
,
,
,
,
,
,
,
,
,
,
,
,
,
,
,
,
,
,
,
,
,
,
,
,
,
,
,
,
,
,
,
,
,
,
,
,
,
,
,
,
,
,
,
,
,
,
,
,
,
,
,
,
,
,
,
,
,
,
,
,
,
,
,
,
,
,
,
,
,
,
,
,
,
,
,
,
,
,
,
,
,
,
,
,
,
,
,
,
,
,
,
,
,
,
,
,
,
,
,
,
,
,
,
,
,
,
,
,
,
,
,
,
,
,
,
,
,
